Date,World
01-Jan-2010, 0.51 
04-Jan-2010, 0.60 
05-Jan-2010, 0.62 
06-Jan-2010, 0.69 
07-Jan-2010, 0.75 
08-Jan-2010, 0.81 
11-Jan-2010, 0.78 
12-Jan-2010, 0.70 
13-Jan-2010, 0.66 
14-Jan-2010, 0.66 
15-Jan-2010, 0.59 
18-Jan-2010, 0.57 
19-Jan-2010, 0.58 
20-Jan-2010, 0.51 
21-Jan-2010, 0.40 
22-Jan-2010, 0.29 
25-Jan-2010, 0.32 
26-Jan-2010, 0.36 
27-Jan-2010, 0.33 
28-Jan-2010, 0.29 
29-Jan-2010, 0.28 
01-Feb-2010, 0.33 
02-Feb-2010, 0.33 
03-Feb-2010, 0.37 
04-Feb-2010, 0.25 
05-Feb-2010, 0.11 
08-Feb-2010, 0.07 
09-Feb-2010, 0.12 
10-Feb-2010, 0.20 
11-Feb-2010, 0.27 
12-Feb-2010, 0.32 
15-Feb-2010, 0.33 
16-Feb-2010, 0.27 
17-Feb-2010, 0.34 
18-Feb-2010, 0.38 
19-Feb-2010, 0.43 
22-Feb-2010, 0.42 
23-Feb-2010, 0.27 
24-Feb-2010, 0.24 
25-Feb-2010, 0.14 
26-Feb-2010, 0.16 
01-Mar-2010, 0.20 
02-Mar-2010, 0.23 
03-Mar-2010, 0.28 
04-Mar-2010, 0.30 
05-Mar-2010, 0.48 
08-Mar-2010, 0.51 
09-Mar-2010, 0.51 
10-Mar-2010, 0.52 
11-Mar-2010, 0.55 
12-Mar-2010, 0.52 
15-Mar-2010, 0.44 
16-Mar-2010, 0.43 
17-Mar-2010, 0.53 
18-Mar-2010, 0.50 
19-Mar-2010, 0.41 
22-Mar-2010, 0.35 
23-Mar-2010, 0.39 
24-Mar-2010, 0.41 
25-Mar-2010, 0.46 
26-Mar-2010, 0.46 
29-Mar-2010, 0.48 
30-Mar-2010, 0.45 
31-Mar-2010, 0.48 
01-Apr-2010, 0.53 
02-Apr-2010, 0.57 
05-Apr-2010, 0.65 
06-Apr-2010, 0.74 
07-Apr-2010, 0.63 
08-Apr-2010, 0.61 
09-Apr-2010, 0.67 
12-Apr-2010, 0.72 
13-Apr-2010, 0.62 
14-Apr-2010, 0.76 
15-Apr-2010, 0.80 
16-Apr-2010, 0.60 
19-Apr-2010, 0.53 
20-Apr-2010, 0.59 
21-Apr-2010, 0.56 
22-Apr-2010, 0.50 
23-Apr-2010, 0.54 
26-Apr-2010, 0.54 
27-Apr-2010, 0.22 
28-Apr-2010, 0.12 
29-Apr-2010, 0.25 
30-Apr-2010, 0.18 
03-May-2010, 0.29 
04-May-2010, (0.03)
05-May-2010, (0.26)
06-May-2010, (0.78)
07-May-2010, (1.12)
10-May-2010, (0.33)
11-May-2010, (0.37)
12-May-2010, (0.17)
13-May-2010, (0.16)
14-May-2010, (0.48)
17-May-2010, (0.55)
18-May-2010, (0.65)
19-May-2010, (0.97)
20-May-2010, (1.46)
21-May-2010, (1.40)
24-May-2010, (1.32)
25-May-2010, (1.51)
26-May-2010, (1.26)
27-May-2010, (0.86)
28-May-2010, (0.84)
31-May-2010, (0.85)
01-Jun-2010, (0.94)
02-Jun-2010, (0.88)
03-Jun-2010, (0.78)
04-Jun-2010, (1.05)
07-Jun-2010, (1.22)
08-Jun-2010, (1.25)
09-Jun-2010, (1.20)
10-Jun-2010, (0.96)
11-Jun-2010, (0.99)
14-Jun-2010, (0.90)
15-Jun-2010, (0.75)
16-Jun-2010, (0.69)
17-Jun-2010, (0.73)
18-Jun-2010, (0.59)
21-Jun-2010, (0.41)
22-Jun-2010, (0.58)
23-Jun-2010, (0.67)
24-Jun-2010, (0.79)
25-Jun-2010, (0.81)
28-Jun-2010, (0.92)
29-Jun-2010, (1.20)
30-Jun-2010, (1.21)
01-Jul-2010, (1.24)
02-Jul-2010, (1.14)
05-Jul-2010, (1.18)
06-Jul-2010, (1.11)
07-Jul-2010, (1.00)
08-Jul-2010, (0.84)
09-Jul-2010, (0.71)
12-Jul-2010, (0.73)
13-Jul-2010, (0.59)
14-Jul-2010, (0.68)
15-Jul-2010, (0.71)
16-Jul-2010, (0.84)
19-Jul-2010, (0.77)
20-Jul-2010, (0.71)
21-Jul-2010, (0.73)
22-Jul-2010, (0.60)
23-Jul-2010, (0.43)
26-Jul-2010, (0.34)
27-Jul-2010, (0.24)
28-Jul-2010, (0.31)
29-Jul-2010, (0.29)
30-Jul-2010, (0.37)
02-Aug-2010, (0.26)
03-Aug-2010, (0.34)
04-Aug-2010, (0.27)
05-Aug-2010, (0.33)
06-Aug-2010, (0.41)
09-Aug-2010, (0.37)
10-Aug-2010, (0.51)
11-Aug-2010, (0.70)
12-Aug-2010, (0.72)
13-Aug-2010, (0.79)
16-Aug-2010, (0.97)
17-Aug-2010, (0.82)
18-Aug-2010, (0.78)
19-Aug-2010, (0.85)
20-Aug-2010, (0.87)
23-Aug-2010, (0.80)
24-Aug-2010, (1.03)
25-Aug-2010, (1.04)
26-Aug-2010, (1.05)
27-Aug-2010, (0.83)
30-Aug-2010, (1.03)
31-Aug-2010, (1.13)
01-Sep-2010, (0.85)
02-Sep-2010, (0.75)
03-Sep-2010, (0.60)
06-Sep-2010, (0.57)
07-Sep-2010, (0.67)
08-Sep-2010, (0.63)
09-Sep-2010, (0.52)
10-Sep-2010, (0.49)
13-Sep-2010, (0.44)
14-Sep-2010, (0.53)
15-Sep-2010, (0.45)
16-Sep-2010, (0.42)
17-Sep-2010, (0.45)
20-Sep-2010, (0.44)
21-Sep-2010, (0.46)
22-Sep-2010, (0.56)
23-Sep-2010, (0.58)
24-Sep-2010, (0.48)
27-Sep-2010, (0.51)
28-Sep-2010, (0.61)
29-Sep-2010, (0.48)
30-Sep-2010, (0.45)
01-Oct-2010, (0.43)
04-Oct-2010, (0.47)
05-Oct-2010, (0.42)
06-Oct-2010, (0.45)
07-Oct-2010, (0.44)
08-Oct-2010, (0.38)
11-Oct-2010, (0.31)
12-Oct-2010, (0.32)
13-Oct-2010, (0.25)
14-Oct-2010, (0.18)
15-Oct-2010, (0.13)
18-Oct-2010, (0.16)
19-Oct-2010, (0.20)
20-Oct-2010, (0.21)
21-Oct-2010, (0.18)
22-Oct-2010, (0.15)
25-Oct-2010, (0.13)
26-Oct-2010, (0.03)
27-Oct-2010, (0.04)
28-Oct-2010, (0.05)
29-Oct-2010, (0.12)
01-Nov-2010, (0.12)
02-Nov-2010, (0.10)
03-Nov-2010, (0.08)
04-Nov-2010, (0.04)
05-Nov-2010, 0.05 
08-Nov-2010, 0.04 
09-Nov-2010, 0.10 
10-Nov-2010, 0.08 
11-Nov-2010, (0.06)
12-Nov-2010, (0.02)
15-Nov-2010, 0.08 
16-Nov-2010, (0.10)
17-Nov-2010, (0.08)
18-Nov-2010, 0.07 
19-Nov-2010, 0.09 
22-Nov-2010, (0.03)
23-Nov-2010, (0.20)
24-Nov-2010, (0.04)
25-Nov-2010, (0.04)
26-Nov-2010, (0.11)
29-Nov-2010, (0.20)
30-Nov-2010, (0.37)
01-Dec-2010, (0.10)
02-Dec-2010, 0.04 
03-Dec-2010, 0.12 
06-Dec-2010, 0.13 
07-Dec-2010, 0.41 
08-Dec-2010, 0.46 
09-Dec-2010, 0.38 
10-Dec-2010, 0.42 
13-Dec-2010, 0.40 
14-Dec-2010, 0.49 
15-Dec-2010, 0.47 
16-Dec-2010, 0.36 
17-Dec-2010, 0.29 
20-Dec-2010, 0.26 
21-Dec-2010, 0.29 
22-Dec-2010, 0.33 
23-Dec-2010, 0.35 
24-Dec-2010, 0.36 
27-Dec-2010, 0.35 
28-Dec-2010, 0.38 
29-Dec-2010, 0.35 
30-Dec-2010, 0.30 
31-Dec-2010, 0.23 
03-Jan-2011, 0.29 
04-Jan-2011, 0.37 
05-Jan-2011, 0.52 
06-Jan-2011, 0.45 
07-Jan-2011, 0.41 
10-Jan-2011, 0.32 
11-Jan-2011, 0.40 
12-Jan-2011, 0.57 
13-Jan-2011, 0.59 
14-Jan-2011, 0.63 
17-Jan-2011, 0.64 
18-Jan-2011, 0.64 
19-Jan-2011, 0.57 
20-Jan-2011, 0.58 
21-Jan-2011, 0.47 
24-Jan-2011, 0.45 
25-Jan-2011, 0.31 
26-Jan-2011, 0.49 
27-Jan-2011, 0.54 
28-Jan-2011, 0.44 
31-Jan-2011, 0.46 
01-Feb-2011, 0.62 
02-Feb-2011, 0.71 
03-Feb-2011, 0.70 
04-Feb-2011, 0.79 
07-Feb-2011, 0.80 
08-Feb-2011, 0.83 
09-Feb-2011, 0.77 
10-Feb-2011, 0.79 
11-Feb-2011, 0.74 
14-Feb-2011, 0.75 
15-Feb-2011, 0.65 
16-Feb-2011, 0.69 
17-Feb-2011, 0.63 
18-Feb-2011, 0.59 
21-Feb-2011, 0.52 
22-Feb-2011, 0.37 
23-Feb-2011, 0.34 
24-Feb-2011, 0.29 
25-Feb-2011, 0.34 
28-Feb-2011, 0.39 
01-Mar-2011, 0.43 
02-Mar-2011, 0.46 
03-Mar-2011, 0.61 
04-Mar-2011, 0.53 
07-Mar-2011, 0.49 
08-Mar-2011, 0.53 
09-Mar-2011, 0.46 
10-Mar-2011, 0.31 
11-Mar-2011, 0.32 
14-Mar-2011, 0.26 
15-Mar-2011, 0.07 
16-Mar-2011, (0.16)
17-Mar-2011, (0.09)
18-Mar-2011, 0.01 
21-Mar-2011, 0.24 
22-Mar-2011, 0.32 
23-Mar-2011, 0.38 
24-Mar-2011, 0.49 
25-Mar-2011, 0.59 
28-Mar-2011, 0.53 
29-Mar-2011, 0.59 
30-Mar-2011, 0.64 
31-Mar-2011, 0.64 
01-Apr-2011, 0.67 
04-Apr-2011, 0.65 
05-Apr-2011, 0.71 
06-Apr-2011, 0.79 
07-Apr-2011, 0.76 
08-Apr-2011, 0.77 
11-Apr-2011, 0.80 
12-Apr-2011, 0.65 
13-Apr-2011, 0.63 
14-Apr-2011, 0.59 
15-Apr-2011, 0.46 
18-Apr-2011, 0.30 
19-Apr-2011, 0.36 
20-Apr-2011, 0.48 
21-Apr-2011, 0.50 
22-Apr-2011, 0.51 
25-Apr-2011, 0.49 
26-Apr-2011, 0.46 
27-Apr-2011, 0.51 
28-Apr-2011, 0.52 
29-Apr-2011, 0.49 
02-May-2011, 0.49 
03-May-2011, 0.38 
04-May-2011, 0.36 
05-May-2011, 0.22 
06-May-2011, 0.18 
09-May-2011, 0.10 
10-May-2011, 0.17 
11-May-2011, 0.11 
12-May-2011, 0.17 
13-May-2011, 0.05 
16-May-2011, (0.00)
17-May-2011, (0.02)
18-May-2011, (0.00)
19-May-2011, (0.06)
20-May-2011, (0.17)
23-May-2011, (0.26)
24-May-2011, (0.19)
25-May-2011, (0.10)
26-May-2011, (0.12)
27-May-2011, (0.08)
30-May-2011, (0.08)
31-May-2011, (0.02)
01-Jun-2011, (0.17)
02-Jun-2011, (0.08)
03-Jun-2011, (0.07)
06-Jun-2011, (0.19)
07-Jun-2011, (0.18)
08-Jun-2011, (0.37)
09-Jun-2011, (0.32)
10-Jun-2011, (0.55)
13-Jun-2011, (0.52)
14-Jun-2011, (0.41)
15-Jun-2011, (0.62)
16-Jun-2011, (0.78)
17-Jun-2011, (0.74)
20-Jun-2011, (0.68)
21-Jun-2011, (0.52)
22-Jun-2011, (0.44)
23-Jun-2011, (0.62)
24-Jun-2011, (0.68)
27-Jun-2011, (0.67)
28-Jun-2011, (0.53)
29-Jun-2011, (0.38)
30-Jun-2011, (0.11)
01-Jul-2011, 0.01 
04-Jul-2011, 0.00 
05-Jul-2011, (0.14)
06-Jul-2011, (0.29)
07-Jul-2011, (0.27)
08-Jul-2011, (0.46)
11-Jul-2011, (0.96)
12-Jul-2011, (1.03)
13-Jul-2011, (0.97)
14-Jul-2011, (0.94)
15-Jul-2011, (1.06)
18-Jul-2011, (1.11)
19-Jul-2011, (0.94)
20-Jul-2011, (0.72)
21-Jul-2011, (0.44)
22-Jul-2011, (0.42)
25-Jul-2011, (0.52)
26-Jul-2011, (0.54)
27-Jul-2011, (0.65)
28-Jul-2011, (0.72)
29-Jul-2011, (0.97)
01-Aug-2011, (0.98)
02-Aug-2011, (1.23)
03-Aug-2011, (1.26)
04-Aug-2011, (1.68)
05-Aug-2011, (1.82)
08-Aug-2011, (2.39)
09-Aug-2011, (2.38)
10-Aug-2011, (2.53)
11-Aug-2011, (2.25)
12-Aug-2011, (2.09)
15-Aug-2011, (1.81)
16-Aug-2011, (1.80)
17-Aug-2011, (1.81)
18-Aug-2011, (2.23)
19-Aug-2011, (2.30)
22-Aug-2011, (2.24)
23-Aug-2011, (2.12)
24-Aug-2011, (1.98)
25-Aug-2011, (1.95)
26-Aug-2011, (1.90)
29-Aug-2011, (1.66)
30-Aug-2011, (1.67)
31-Aug-2011, (1.49)
01-Sep-2011, (1.55)
02-Sep-2011, (1.78)
05-Sep-2011, (1.98)
06-Sep-2011, (2.01)
07-Sep-2011, (1.76)
08-Sep-2011, (1.79)
09-Sep-2011, (1.91)
12-Sep-2011, (2.00)
13-Sep-2011, (1.91)
14-Sep-2011, (1.82)
15-Sep-2011, (1.70)
16-Sep-2011, (1.69)
19-Sep-2011, (1.79)
20-Sep-2011, (1.80)
21-Sep-2011, (1.93)
22-Sep-2011, (2.24)
23-Sep-2011, (2.16)
26-Sep-2011, (2.11)
27-Sep-2011, (1.85)
28-Sep-2011, (1.86)
29-Sep-2011, (1.81)
30-Sep-2011, (1.90)
03-Oct-2011, (2.08)
04-Oct-2011, (2.10)
05-Oct-2011, (1.88)
06-Oct-2011, (1.68)
07-Oct-2011, (1.58)
10-Oct-2011, (1.47)
11-Oct-2011, (1.41)
12-Oct-2011, (1.28)
13-Oct-2011, (1.33)
14-Oct-2011, (1.23)
17-Oct-2011, (1.37)
18-Oct-2011, (1.39)
19-Oct-2011, (1.35)
20-Oct-2011, (1.40)
21-Oct-2011, (1.32)
24-Oct-2011, (1.13)
25-Oct-2011, (1.19)
26-Oct-2011, (1.10)
27-Oct-2011, (0.80)
28-Oct-2011, (0.81)
31-Oct-2011, (0.98)
01-Nov-2011, (1.32)
02-Nov-2011, (1.22)
03-Nov-2011, (1.14)
04-Nov-2011, (1.17)
07-Nov-2011, (1.20)
08-Nov-2011, (1.12)
09-Nov-2011, (1.34)
10-Nov-2011, (1.34)
11-Nov-2011, (1.22)
14-Nov-2011, (1.28)
15-Nov-2011, (1.34)
16-Nov-2011, (1.32)
17-Nov-2011, (1.32)
18-Nov-2011, (1.30)
21-Nov-2011, (1.35)
22-Nov-2011, (1.36)
23-Nov-2011, (1.44)
24-Nov-2011, (1.38)
25-Nov-2011, (1.34)
28-Nov-2011, (1.22)
29-Nov-2011, (1.12)
30-Nov-2011, (1.00)
01-Dec-2011, (0.91)
02-Dec-2011, (0.87)
05-Dec-2011, (0.80)
06-Dec-2011, (0.81)
07-Dec-2011, (0.92)
08-Dec-2011, (1.01)
09-Dec-2011, (0.98)
12-Dec-2011, (1.05)
13-Dec-2011, (1.06)
14-Dec-2011, (1.12)
15-Dec-2011, (1.11)
16-Dec-2011, (1.10)
19-Dec-2011, (1.08)
20-Dec-2011, (0.95)
21-Dec-2011, (0.85)
22-Dec-2011, (0.81)
23-Dec-2011, (0.77)
26-Dec-2011, (0.78)
27-Dec-2011, (0.82)
28-Dec-2011, (0.87)
29-Dec-2011, (0.87)
30-Dec-2011, (0.90)
02-Jan-2012, (0.84)
03-Jan-2012, (0.73)
04-Jan-2012, (0.71)
05-Jan-2012, (0.74)
06-Jan-2012, (0.73)
09-Jan-2012, (0.76)
10-Jan-2012, (0.72)
11-Jan-2012, (0.72)
12-Jan-2012, (0.66)
13-Jan-2012, (0.66)
16-Jan-2012, (0.62)
17-Jan-2012, (0.63)
18-Jan-2012, (0.61)
19-Jan-2012, (0.50)
20-Jan-2012, (0.43)
23-Jan-2012, (0.36)
24-Jan-2012, (0.36)
25-Jan-2012, (0.35)
26-Jan-2012, (0.35)
27-Jan-2012, (0.34)
30-Jan-2012, (0.45)
31-Jan-2012, (0.42)
01-Feb-2012, (0.34)
02-Feb-2012, (0.32)
03-Feb-2012, (0.19)
06-Feb-2012, (0.19)
07-Feb-2012, (0.17)
08-Feb-2012, (0.14)
09-Feb-2012, (0.13)
10-Feb-2012, (0.27)
13-Feb-2012, (0.22)
14-Feb-2012, (0.27)
15-Feb-2012, (0.31)
16-Feb-2012, (0.29)
17-Feb-2012, (0.19)
20-Feb-2012, (0.17)
21-Feb-2012, (0.13)
22-Feb-2012, (0.15)
23-Feb-2012, (0.16)
24-Feb-2012, (0.18)
27-Feb-2012, (0.24)
28-Feb-2012, (0.21)
29-Feb-2012, (0.12)
01-Mar-2012, (0.08)
02-Mar-2012, (0.07)
05-Mar-2012, (0.11)
06-Mar-2012, (0.25)
07-Mar-2012, (0.22)
08-Mar-2012, (0.14)
09-Mar-2012, (0.10)
12-Mar-2012, (0.27)
13-Mar-2012, 0.01 
14-Mar-2012, 0.16 
15-Mar-2012, 0.05 
16-Mar-2012, 0.12 
19-Mar-2012, 0.25 
20-Mar-2012, 0.21 
21-Mar-2012, 0.17 
22-Mar-2012, 0.04 
23-Mar-2012, (0.04)
26-Mar-2012, (0.00)
27-Mar-2012, (0.07)
28-Mar-2012, (0.13)
29-Mar-2012, (0.17)
30-Mar-2012, (0.11)
02-Apr-2012, (0.04)
03-Apr-2012, 0.00 
04-Apr-2012, (0.00)
05-Apr-2012, (0.02)
06-Apr-2012, (0.08)
09-Apr-2012, (0.12)
10-Apr-2012, (0.29)
11-Apr-2012, (0.24)
12-Apr-2012, (0.14)
13-Apr-2012, (0.22)
16-Apr-2012, (0.22)
17-Apr-2012, (0.17)
18-Apr-2012, (0.12)
19-Apr-2012, (0.16)
20-Apr-2012, (0.11)
23-Apr-2012, (0.19)
24-Apr-2012, (0.15)
25-Apr-2012, (0.10)
26-Apr-2012, (0.07)
27-Apr-2012, (0.03)
30-Apr-2012, (0.04)
01-May-2012, (0.01)
02-May-2012, (0.04)
03-May-2012, (0.05)
04-May-2012, (0.14)
07-May-2012, (0.15)
08-May-2012, (0.23)
09-May-2012, (0.31)
10-May-2012, (0.27)
11-May-2012, (0.31)
14-May-2012, (0.52)
15-May-2012, (0.55)
16-May-2012, (0.58)
17-May-2012, (0.71)
18-May-2012, (0.80)
21-May-2012, (0.68)
22-May-2012, (0.57)
23-May-2012, (0.62)
24-May-2012, (0.58)
25-May-2012, (0.56)
28-May-2012, (0.60)
29-May-2012, (0.59)
30-May-2012, (0.77)
31-May-2012, (0.85)
01-Jun-2012, (1.01)
04-Jun-2012, (1.00)
05-Jun-2012, (0.91)
06-Jun-2012, (0.75)
07-Jun-2012, (0.65)
08-Jun-2012, (0.69)
11-Jun-2012, (0.70)
12-Jun-2012, (0.69)
13-Jun-2012, (0.76)
14-Jun-2012, (0.74)
15-Jun-2012, (0.81)
18-Jun-2012, (0.71)
19-Jun-2012, (0.55)
20-Jun-2012, (0.36)
21-Jun-2012, (0.34)
22-Jun-2012, (0.25)
25-Jun-2012, (0.46)
26-Jun-2012, (0.42)
27-Jun-2012, (0.41)
28-Jun-2012, (0.46)
29-Jun-2012, (0.26)
02-Jul-2012, (0.21)
03-Jul-2012, (0.11)
04-Jul-2012, (0.13)
05-Jul-2012, (0.16)
06-Jul-2012, (0.28)
09-Jul-2012, (0.39)
10-Jul-2012, (0.39)
11-Jul-2012, (0.37)
12-Jul-2012, (0.47)
13-Jul-2012, (0.44)
16-Jul-2012, (0.38)
17-Jul-2012, (0.33)
18-Jul-2012, (0.31)
19-Jul-2012, (0.22)
20-Jul-2012, (0.35)
23-Jul-2012, (0.55)
24-Jul-2012, (0.59)
25-Jul-2012, (0.57)
26-Jul-2012, (0.46)
27-Jul-2012, (0.24)
30-Jul-2012, (0.24)
31-Jul-2012, (0.30)
01-Aug-2012, (0.21)
02-Aug-2012, (0.31)
03-Aug-2012, (0.19)
06-Aug-2012, (0.08)
07-Aug-2012, 0.08 
08-Aug-2012, 0.05 
09-Aug-2012, 0.09 
10-Aug-2012, 0.04 
13-Aug-2012, 0.01 
14-Aug-2012, 0.05 
15-Aug-2012, 0.20 
16-Aug-2012, 0.22 
17-Aug-2012, 0.22 
20-Aug-2012, 0.19 
21-Aug-2012, 0.20 
22-Aug-2012, 0.09 
23-Aug-2012, (0.03)
24-Aug-2012, (0.12)
27-Aug-2012, (0.11)
28-Aug-2012, (0.15)
29-Aug-2012, (0.13)
30-Aug-2012, (0.19)
31-Aug-2012, (0.20)
03-Sep-2012, (0.22)
04-Sep-2012, (0.14)
05-Sep-2012, (0.08)
06-Sep-2012, 0.19 
07-Sep-2012, 0.28 
10-Sep-2012, 0.28 
11-Sep-2012, 0.32 
12-Sep-2012, 0.49 
13-Sep-2012, 0.51 
14-Sep-2012, 0.72 
17-Sep-2012, 0.59 
18-Sep-2012, 0.45 
19-Sep-2012, 0.45 
20-Sep-2012, 0.33 
21-Sep-2012, 0.32 
24-Sep-2012, 0.28 
25-Sep-2012, 0.23 
26-Sep-2012, 0.03 
27-Sep-2012, 0.06 
28-Sep-2012, 0.01 
01-Oct-2012, 0.02 
02-Oct-2012, 0.04 
03-Oct-2012, 0.05 
04-Oct-2012, 0.16 
05-Oct-2012, 0.21 
08-Oct-2012, 0.15 
09-Oct-2012, 0.14 
10-Oct-2012, 0.10 
11-Oct-2012, 0.14 
12-Oct-2012, 0.12 
15-Oct-2012, 0.14 
16-Oct-2012, 0.22 
17-Oct-2012, 0.41 
18-Oct-2012, 0.43 
19-Oct-2012, 0.34 
22-Oct-2012, 0.40 
23-Oct-2012, 0.26 
24-Oct-2012, 0.27 
25-Oct-2012, 0.28 
26-Oct-2012, 0.18 
29-Oct-2012, 0.08 
30-Oct-2012, 0.16 
31-Oct-2012, 0.13 
01-Nov-2012, 0.24 
02-Nov-2012, 0.26 
05-Nov-2012, 0.23 
06-Nov-2012, 0.30 
07-Nov-2012, 0.20 
08-Nov-2012, 0.09 
09-Nov-2012, 0.04 
12-Nov-2012, 0.04 
13-Nov-2012, (0.04)
14-Nov-2012, (0.06)
15-Nov-2012, (0.09)
16-Nov-2012, (0.07)
19-Nov-2012, 0.04 
20-Nov-2012, 0.12 
21-Nov-2012, 0.23 
22-Nov-2012, 0.29 
23-Nov-2012, 0.34 
26-Nov-2012, 0.33 
27-Nov-2012, 0.37 
28-Nov-2012, 0.35 
29-Nov-2012, 0.37 
30-Nov-2012, 0.30 
03-Dec-2012, 0.34 
04-Dec-2012, 0.30 
05-Dec-2012, 0.31 
06-Dec-2012, 0.28 
07-Dec-2012, 0.33 
10-Dec-2012, 0.31 
11-Dec-2012, 0.41 
12-Dec-2012, 0.47 
13-Dec-2012, 0.50 
14-Dec-2012, 0.47 
17-Dec-2012, 0.53 
18-Dec-2012, 0.66 
19-Dec-2012, 0.63 
20-Dec-2012, 0.58 
21-Dec-2012, 0.45 
24-Dec-2012, 0.46 
25-Dec-2012, 0.43 
26-Dec-2012, 0.41 
27-Dec-2012, 0.36 
28-Dec-2012, 0.25 
31-Dec-2012, 0.30 
01-Jan-2013, 0.26 
02-Jan-2013, 0.61 
03-Jan-2013, 0.79 
04-Jan-2013, 0.94 
07-Jan-2013, 0.95 
08-Jan-2013, 0.93 
09-Jan-2013, 0.91 
10-Jan-2013, 0.98 
11-Jan-2013, 0.95 
14-Jan-2013, 0.95 
15-Jan-2013, 0.87 
16-Jan-2013, 0.82 
17-Jan-2013, 0.90 
18-Jan-2013, 0.85 
21-Jan-2013, 0.84 
22-Jan-2013, 0.80 
23-Jan-2013, 0.77 
24-Jan-2013, 0.79 
25-Jan-2013, 0.85 
28-Jan-2013, 0.84 
29-Jan-2013, 0.82 
30-Jan-2013, 0.74 
31-Jan-2013, 0.71 
01-Feb-2013, 0.70 
04-Feb-2013, 0.59 
05-Feb-2013, 0.65 
06-Feb-2013, 0.60 
07-Feb-2013, 0.59 
08-Feb-2013, 0.64 
11-Feb-2013, 0.66 
12-Feb-2013, 0.65 
13-Feb-2013, 0.71 
14-Feb-2013, 0.69 
15-Feb-2013, 0.68 
18-Feb-2013, 0.63 
19-Feb-2013, 0.66 
20-Feb-2013, 0.64 
21-Feb-2013, 0.51 
22-Feb-2013, 0.50 
25-Feb-2013, 0.39 
26-Feb-2013, 0.21 
27-Feb-2013, 0.28 
28-Feb-2013, 0.32 
01-Mar-2013, 0.22 
04-Mar-2013, 0.18 
05-Mar-2013, 0.30 
06-Mar-2013, 0.40 
07-Mar-2013, 0.49 
08-Mar-2013, 0.63 
11-Mar-2013, 0.66 
12-Mar-2013, 0.58 
13-Mar-2013, 0.60 
14-Mar-2013, 0.62 
15-Mar-2013, 0.54 
18-Mar-2013, 0.43 
19-Mar-2013, 0.23 
20-Mar-2013, 0.37 
21-Mar-2013, 0.34 
22-Mar-2013, 0.28 
25-Mar-2013, 0.29 
26-Mar-2013, 0.33 
27-Mar-2013, 0.20 
28-Mar-2013, 0.17 
29-Mar-2013, 0.18 
01-Apr-2013, 0.13 
02-Apr-2013, 0.14 
03-Apr-2013, 0.08 
04-Apr-2013, 0.02 
05-Apr-2013, (0.07)
08-Apr-2013, 0.02 
09-Apr-2013, 0.10 
10-Apr-2013, 0.26 
11-Apr-2013, 0.29 
12-Apr-2013, 0.19 
15-Apr-2013, 0.02 
16-Apr-2013, 0.06 
17-Apr-2013, (0.04)
18-Apr-2013, (0.11)
19-Apr-2013, (0.09)
22-Apr-2013, (0.05)
23-Apr-2013, 0.04 
24-Apr-2013, 0.12 
25-Apr-2013, 0.17 
26-Apr-2013, 0.18 
29-Apr-2013, 0.21 
30-Apr-2013, 0.24 
01-May-2013, 0.18 
02-May-2013, 0.23 
03-May-2013, 0.46 
06-May-2013, 0.52 
07-May-2013, 0.59 
08-May-2013, 0.58 
09-May-2013, 0.58 
10-May-2013, 0.72 
13-May-2013, 0.66 
14-May-2013, 0.73 
15-May-2013, 0.68 
16-May-2013, 0.63 
17-May-2013, 0.68 
20-May-2013, 0.85 
21-May-2013, 0.82 
22-May-2013, 0.81 
23-May-2013, 0.68 
24-May-2013, 0.53 
27-May-2013, 0.50 
28-May-2013, 0.73 
29-May-2013, 0.67 
30-May-2013, 0.65 
31-May-2013, 0.62 
03-Jun-2013, 0.57 
04-Jun-2013, 0.59 
05-Jun-2013, 0.42 
06-Jun-2013, 0.33 
07-Jun-2013, 0.49 
10-Jun-2013, 0.56 
11-Jun-2013, 0.30 
12-Jun-2013, 0.26 
13-Jun-2013, 0.23 
14-Jun-2013, 0.18 
17-Jun-2013, 0.22 
18-Jun-2013, 0.32 
19-Jun-2013, 0.40 
20-Jun-2013, 0.28 
21-Jun-2013, 0.28 
24-Jun-2013, 0.17 
25-Jun-2013, 0.26 
26-Jun-2013, 0.33 
27-Jun-2013, 0.41 
28-Jun-2013, 0.47 
01-Jul-2013, 0.49 
02-Jul-2013, 0.47 
03-Jul-2013, 0.40 
04-Jul-2013, 0.43 
05-Jul-2013, 0.64 
08-Jul-2013, 0.58 
09-Jul-2013, 0.63 
10-Jul-2013, 0.64 
11-Jul-2013, 0.63 
12-Jul-2013, 0.60 
15-Jul-2013, 0.64 
16-Jul-2013, 0.57 
17-Jul-2013, 0.60 
18-Jul-2013, 0.67 
19-Jul-2013, 0.69 
22-Jul-2013, 0.67 
23-Jul-2013, 0.73 
24-Jul-2013, 0.74 
25-Jul-2013, 0.73 
26-Jul-2013, 0.63 
29-Jul-2013, 0.58 
30-Jul-2013, 0.54 
31-Jul-2013, 0.50 
01-Aug-2013, 0.68 
02-Aug-2013, 0.65 
05-Aug-2013, 0.71 
06-Aug-2013, 0.63 
07-Aug-2013, 0.54 
08-Aug-2013, 0.58 
09-Aug-2013, 0.53 
12-Aug-2013, 0.69 
13-Aug-2013, 0.89 
14-Aug-2013, 0.89 
15-Aug-2013, 0.91 
16-Aug-2013, 0.92 
19-Aug-2013, 0.86 
20-Aug-2013, 0.68 
21-Aug-2013, 0.68 
22-Aug-2013, 0.78 
23-Aug-2013, 0.73 
26-Aug-2013, 0.67 
27-Aug-2013, 0.39 
28-Aug-2013, 0.47 
29-Aug-2013, 0.52 
30-Aug-2013, 0.47 
02-Sep-2013, 0.58 
03-Sep-2013, 0.70 
04-Sep-2013, 0.76 
05-Sep-2013, 0.98 
06-Sep-2013, 0.90 
09-Sep-2013, 0.94 
10-Sep-2013, 1.11 
11-Sep-2013, 1.07 
12-Sep-2013, 1.03 
13-Sep-2013, 0.96 
16-Sep-2013, 0.92 
17-Sep-2013, 0.90 
18-Sep-2013, 0.93 
19-Sep-2013, 0.98 
20-Sep-2013, 0.98 
23-Sep-2013, 0.84 
24-Sep-2013, 0.79 
25-Sep-2013, 0.77 
26-Sep-2013, 0.72 
27-Sep-2013, 0.57 
30-Sep-2013, 0.43 
01-Oct-2013, 0.58 
02-Oct-2013, 0.54 
03-Oct-2013, 0.48 
04-Oct-2013, 0.59 
07-Oct-2013, 0.51 
08-Oct-2013, 0.45 
09-Oct-2013, 0.41 
10-Oct-2013, 0.65 
11-Oct-2013, 0.60 
14-Oct-2013, 0.60 
15-Oct-2013, 0.66 
16-Oct-2013, 0.82 
17-Oct-2013, 0.77 
18-Oct-2013, 0.81 
21-Oct-2013, 0.86 
22-Oct-2013, 0.79 
23-Oct-2013, 0.61 
24-Oct-2013, 0.65 
25-Oct-2013, 0.57 
28-Oct-2013, 0.55 
29-Oct-2013, 0.60 
30-Oct-2013, 0.59 
31-Oct-2013, 0.58 
01-Nov-2013, 0.67 
04-Nov-2013, 0.71 
05-Nov-2013, 0.74 
06-Nov-2013, 0.73 
07-Nov-2013, 0.63 
08-Nov-2013, 0.73 
11-Nov-2013, 0.71 
12-Nov-2013, 0.66 
13-Nov-2013, 0.61 
14-Nov-2013, 0.59 
15-Nov-2013, 0.65 
18-Nov-2013, 0.59 
19-Nov-2013, 0.61 
20-Nov-2013, 0.63 
21-Nov-2013, 0.74 
22-Nov-2013, 0.68 
25-Nov-2013, 0.65 
26-Nov-2013, 0.64 
27-Nov-2013, 0.72 
28-Nov-2013, 0.71 
29-Nov-2013, 0.75 
02-Dec-2013, 0.76 
03-Dec-2013, 0.64 
04-Dec-2013, 0.68 
05-Dec-2013, 0.70 
06-Dec-2013, 0.73 
09-Dec-2013, 0.76 
10-Dec-2013, 0.74 
11-Dec-2013, 0.66 
12-Dec-2013, 0.69 
13-Dec-2013, 0.61 
16-Dec-2013, 0.62 
17-Dec-2013, 0.60 
18-Dec-2013, 0.69 
19-Dec-2013, 0.79 
20-Dec-2013, 0.79 
23-Dec-2013, 0.88 
24-Dec-2013, 0.95 
25-Dec-2013, 0.96 
26-Dec-2013, 0.97 
27-Dec-2013, 0.99 
30-Dec-2013, 0.97 
31-Dec-2013, 1.01 
01-Jan-2014, 1.01 
02-Jan-2014, 1.07 
03-Jan-2014, 1.04 
06-Jan-2014, 0.97 
07-Jan-2014, 1.04 
08-Jan-2014, 1.07 
09-Jan-2014, 1.03 
10-Jan-2014, 0.99 
13-Jan-2014, 0.86 
14-Jan-2014, 0.88 
15-Jan-2014, 0.93 
16-Jan-2014, 0.83 
17-Jan-2014, 0.83 
20-Jan-2014, 0.80 
21-Jan-2014, 0.76 
22-Jan-2014, 0.78 
23-Jan-2014, 0.56 
24-Jan-2014, 0.23 
27-Jan-2014, 0.26 
28-Jan-2014, 0.35 
29-Jan-2014, 0.21 
30-Jan-2014, 0.27 
31-Jan-2014, 0.17 
03-Feb-2014, (0.08)
04-Feb-2014, 0.05 
05-Feb-2014, 0.07 
06-Feb-2014, 0.26 
07-Feb-2014, 0.28 
10-Feb-2014, 0.28 
11-Feb-2014, 0.37 
12-Feb-2014, 0.48 
13-Feb-2014, 0.38 
14-Feb-2014, 0.49 
17-Feb-2014, 0.48 
18-Feb-2014, 0.46 
19-Feb-2014, 0.38 
20-Feb-2014, 0.38 
21-Feb-2014, 0.36 
24-Feb-2014, 0.46 
25-Feb-2014, 0.53 
26-Feb-2014, 0.47 
27-Feb-2014, 0.38 
28-Feb-2014, 0.37 
03-Mar-2014, 0.14 
04-Mar-2014, 0.35 
05-Mar-2014, 0.43 
06-Mar-2014, 0.51 
07-Mar-2014, 0.50 
10-Mar-2014, 0.43 
11-Mar-2014, 0.38 
12-Mar-2014, 0.19 
13-Mar-2014, 0.03 
14-Mar-2014, (0.07)
17-Mar-2014, 0.07 
18-Mar-2014, 0.14 
19-Mar-2014, 0.28 
20-Mar-2014, 0.34 
21-Mar-2014, 0.37 
24-Mar-2014, 0.29 
25-Mar-2014, 0.41 
26-Mar-2014, 0.39 
27-Mar-2014, 0.43 
28-Mar-2014, 0.46 
31-Mar-2014, 0.54 
01-Apr-2014, 0.63 
02-Apr-2014, 0.74 
03-Apr-2014, 0.74 
04-Apr-2014, 0.70 
07-Apr-2014, 0.52 
08-Apr-2014, 0.48 
09-Apr-2014, 0.52 
10-Apr-2014, 0.36 
11-Apr-2014, 0.23 
14-Apr-2014, 0.29 
15-Apr-2014, 0.17 
16-Apr-2014, 0.29 
17-Apr-2014, 0.41 
18-Apr-2014, 0.42 
21-Apr-2014, 0.50 
22-Apr-2014, 0.55 
23-Apr-2014, 0.46 
24-Apr-2014, 0.45 
25-Apr-2014, 0.28 
28-Apr-2014, 0.22 
29-Apr-2014, 0.32 
30-Apr-2014, 0.30 
01-May-2014, 0.30 
02-May-2014, 0.31 
05-May-2014, 0.29 
06-May-2014, 0.27 
07-May-2014, 0.25 
08-May-2014, 0.28 
09-May-2014, 0.29 
12-May-2014, 0.42 
13-May-2014, 0.38 
14-May-2014, 0.25 
15-May-2014, 0.02 
16-May-2014, 0.06 
19-May-2014, 0.07 
20-May-2014, (0.03)
21-May-2014, 0.10 
22-May-2014, 0.11 
23-May-2014, 0.18 
26-May-2014, 0.19 
27-May-2014, 0.29 
28-May-2014, 0.21 
29-May-2014, 0.25 
30-May-2014, 0.22 
02-Jun-2014, 0.30 
03-Jun-2014, 0.34 
04-Jun-2014, 0.35 
05-Jun-2014, 0.41 
06-Jun-2014, 0.56 
09-Jun-2014, 0.62 
10-Jun-2014, 0.64 
11-Jun-2014, 0.58 
12-Jun-2014, 0.48 
13-Jun-2014, 0.44 
16-Jun-2014, 0.35 
17-Jun-2014, 0.44 
18-Jun-2014, 0.42 
19-Jun-2014, 0.37 
20-Jun-2014, 0.38 
23-Jun-2014, 0.42 
24-Jun-2014, 0.35 
25-Jun-2014, 0.27 
26-Jun-2014, 0.20 
27-Jun-2014, 0.19 
30-Jun-2014, 0.15 
01-Jul-2014, 0.25 
02-Jul-2014, 0.34 
03-Jul-2014, 0.45 
04-Jul-2014, 0.43 
07-Jul-2014, 0.31 
08-Jul-2014, 0.15 
09-Jul-2014, 0.10 
10-Jul-2014, (0.17)
11-Jul-2014, (0.23)
14-Jul-2014, (0.13)
15-Jul-2014, (0.08)
16-Jul-2014, 0.02 
17-Jul-2014, (0.21)
18-Jul-2014, (0.15)
21-Jul-2014, (0.19)
22-Jul-2014, (0.02)
23-Jul-2014, 0.05 
24-Jul-2014, 0.16 
25-Jul-2014, 0.06 
28-Jul-2014, 0.08 
29-Jul-2014, 0.04 
30-Jul-2014, 0.19 
31-Jul-2014, (0.04)
01-Aug-2014, (0.36)
04-Aug-2014, (0.24)
05-Aug-2014, (0.29)
06-Aug-2014, (0.48)
07-Aug-2014, (0.61)
08-Aug-2014, (0.57)
11-Aug-2014, (0.44)
12-Aug-2014, (0.37)
13-Aug-2014, (0.35)
14-Aug-2014, (0.38)
15-Aug-2014, (0.51)
18-Aug-2014, (0.29)
19-Aug-2014, (0.21)
20-Aug-2014, (0.11)
21-Aug-2014, (0.05)
22-Aug-2014, (0.03)
25-Aug-2014, (0.04)
26-Aug-2014, 0.03 
27-Aug-2014, (0.01)
28-Aug-2014, (0.18)
29-Aug-2014, (0.07)
01-Sep-2014, (0.06)
02-Sep-2014, (0.03)
03-Sep-2014, (0.01)
04-Sep-2014, 0.15 
05-Sep-2014, 0.09 
08-Sep-2014, 0.07 
09-Sep-2014, 0.01 
10-Sep-2014, 0.07 
11-Sep-2014, 0.04 
12-Sep-2014, 0.11 
15-Sep-2014, (0.03)
16-Sep-2014, (0.03)
17-Sep-2014, (0.02)
18-Sep-2014, 0.01 
19-Sep-2014, (0.00)
22-Sep-2014, (0.14)
23-Sep-2014, (0.21)
24-Sep-2014, (0.09)
25-Sep-2014, (0.37)
26-Sep-2014, (0.37)
29-Sep-2014, (0.59)
30-Sep-2014, (0.53)
01-Oct-2014, (0.68)
02-Oct-2014, (0.69)
03-Oct-2014, (0.60)
06-Oct-2014, (0.63)
07-Oct-2014, (0.76)
08-Oct-2014, (0.85)
09-Oct-2014, (0.94)
10-Oct-2014, (1.26)
13-Oct-2014, (1.38)
14-Oct-2014, (1.45)
15-Oct-2014, (1.65)
16-Oct-2014, (1.69)
17-Oct-2014, (1.33)
20-Oct-2014, (1.16)
21-Oct-2014, (0.94)
22-Oct-2014, (0.93)
23-Oct-2014, (0.74)
24-Oct-2014, (0.69)
27-Oct-2014, (0.77)
28-Oct-2014, (0.62)
29-Oct-2014, (0.53)
30-Oct-2014, (0.52)
31-Oct-2014, (0.35)
03-Nov-2014, (0.37)
04-Nov-2014, (0.51)
05-Nov-2014, (0.49)
06-Nov-2014, (0.45)
07-Nov-2014, (0.55)
10-Nov-2014, (0.48)
11-Nov-2014, (0.41)
12-Nov-2014, (0.46)
13-Nov-2014, (0.53)
14-Nov-2014, (0.56)
17-Nov-2014, (0.53)
18-Nov-2014, (0.60)
19-Nov-2014, (0.52)
20-Nov-2014, (0.61)
21-Nov-2014, (0.50)
24-Nov-2014, (0.43)
25-Nov-2014, (0.41)
26-Nov-2014, (0.49)
27-Nov-2014, (0.48)
28-Nov-2014, (0.60)
01-Dec-2014, (0.67)
02-Dec-2014, (0.56)
03-Dec-2014, (0.58)
04-Dec-2014, (0.59)
05-Dec-2014, (0.46)
08-Dec-2014, (0.69)
09-Dec-2014, (0.94)
10-Dec-2014, (1.11)
11-Dec-2014, (1.18)
12-Dec-2014, (1.50)
15-Dec-2014, (1.59)
16-Dec-2014, (1.71)
17-Dec-2014, (1.42)
18-Dec-2014, (1.09)
19-Dec-2014, (1.09)
22-Dec-2014, (0.94)
23-Dec-2014, (0.77)
24-Dec-2014, (0.77)
25-Dec-2014, (0.81)
26-Dec-2014, (0.83)
29-Dec-2014, (0.97)
30-Dec-2014, (1.08)
31-Dec-2014, (1.07)
01-Jan-2015, (1.04)
02-Jan-2015, (1.05)
05-Jan-2015, (1.17)
06-Jan-2015, (1.35)
07-Jan-2015, (1.26)
08-Jan-2015, (1.02)
09-Jan-2015, (1.09)
12-Jan-2015, (1.14)
13-Jan-2015, (1.13)
14-Jan-2015, (1.26)
15-Jan-2015, (1.82)
16-Jan-2015, (1.65)
19-Jan-2015, (1.56)
20-Jan-2015, (1.46)
21-Jan-2015, (1.42)
22-Jan-2015, (1.27)
23-Jan-2015, (1.24)
26-Jan-2015, (1.09)
27-Jan-2015, (1.11)
28-Jan-2015, (1.23)
29-Jan-2015, (1.27)
30-Jan-2015, (1.42)
02-Feb-2015, (1.36)
03-Feb-2015, (1.09)
04-Feb-2015, (1.05)
05-Feb-2015, (0.92)
06-Feb-2015, (0.74)
09-Feb-2015, (0.84)
10-Feb-2015, (0.82)
11-Feb-2015, (0.86)
12-Feb-2015, (0.80)
13-Feb-2015, (0.61)
16-Feb-2015, (0.60)
17-Feb-2015, (0.50)
18-Feb-2015, (0.52)
19-Feb-2015, (0.43)
20-Feb-2015, (0.38)
23-Feb-2015, (0.43)
24-Feb-2015, (0.41)
25-Feb-2015, (0.39)
26-Feb-2015, (0.29)
27-Feb-2015, (0.30)
02-Mar-2015, (0.19)
03-Mar-2015, (0.19)
04-Mar-2015, (0.24)
05-Mar-2015, (0.22)
06-Mar-2015, (0.06)
09-Mar-2015, (0.19)
10-Mar-2015, (0.31)
11-Mar-2015, (0.29)
12-Mar-2015, (0.22)
13-Mar-2015, (0.30)
16-Mar-2015, (0.33)
17-Mar-2015, (0.41)
18-Mar-2015, (0.58)
19-Mar-2015, (0.49)
20-Mar-2015, (0.43)
23-Mar-2015, (0.43)
24-Mar-2015, (0.42)
25-Mar-2015, (0.45)
26-Mar-2015, (0.44)
27-Mar-2015, (0.52)
30-Mar-2015, (0.48)
31-Mar-2015, (0.49)
01-Apr-2015, (0.51)
02-Apr-2015, (0.48)
03-Apr-2015, (0.53)
06-Apr-2015, (0.46)
07-Apr-2015, (0.38)
08-Apr-2015, (0.31)
09-Apr-2015, (0.25)
10-Apr-2015, (0.25)
13-Apr-2015, (0.22)
14-Apr-2015, (0.30)
15-Apr-2015, (0.24)
16-Apr-2015, (0.28)
17-Apr-2015, (0.47)
20-Apr-2015, (0.45)
21-Apr-2015, (0.44)
22-Apr-2015, (0.28)
23-Apr-2015, (0.27)
24-Apr-2015, (0.24)
27-Apr-2015, (0.22)
28-Apr-2015, (0.17)
29-Apr-2015, (0.15)
30-Apr-2015, (0.13)
01-May-2015, (0.13)
04-May-2015, (0.01)
05-May-2015, (0.12)
06-May-2015, (0.09)
07-May-2015, (0.08)
08-May-2015, (0.00)
11-May-2015, 0.13 
12-May-2015, 0.06 
13-May-2015, 0.15 
14-May-2015, 0.11 
15-May-2015, 0.05 
18-May-2015, 0.08 
19-May-2015, 0.14 
20-May-2015, 0.15 
21-May-2015, 0.17 
22-May-2015, 0.13 
25-May-2015, 0.11 
26-May-2015, (0.05)
27-May-2015, (0.03)
28-May-2015, (0.12)
29-May-2015, (0.16)
01-Jun-2015, (0.17)
02-Jun-2015, (0.01)
03-Jun-2015, 0.15 
04-Jun-2015, 0.09 
05-Jun-2015, 0.14 
08-Jun-2015, 0.10 
09-Jun-2015, 0.13 
10-Jun-2015, 0.19 
11-Jun-2015, 0.13 
12-Jun-2015, 0.03 
15-Jun-2015, (0.12)
16-Jun-2015, (0.23)
17-Jun-2015, (0.25)
18-Jun-2015, (0.27)
19-Jun-2015, (0.34)
22-Jun-2015, 0.03 
23-Jun-2015, 0.13 
24-Jun-2015, 0.10 
25-Jun-2015, 0.10 
26-Jun-2015, 0.12 
29-Jun-2015, (0.46)
30-Jun-2015, (0.46)
01-Jul-2015, (0.30)
02-Jul-2015, (0.33)
03-Jul-2015, (0.39)
06-Jul-2015, (0.53)
07-Jul-2015, (0.62)
08-Jul-2015, (0.82)
09-Jul-2015, (0.63)
10-Jul-2015, (0.30)
13-Jul-2015, (0.14)
14-Jul-2015, (0.14)
15-Jul-2015, (0.15)
16-Jul-2015, (0.04)
17-Jul-2015, (0.02)
20-Jul-2015, 0.03 
21-Jul-2015, (0.01)
22-Jul-2015, (0.09)
23-Jul-2015, (0.13)
24-Jul-2015, (0.31)
27-Jul-2015, (0.51)
28-Jul-2015, (0.40)
29-Jul-2015, (0.30)
30-Jul-2015, (0.26)
31-Jul-2015, (0.28)
03-Aug-2015, (0.36)
04-Aug-2015, (0.32)
05-Aug-2015, (0.24)
06-Aug-2015, (0.45)
07-Aug-2015, (0.49)
10-Aug-2015, (0.40)
11-Aug-2015, (0.62)
12-Aug-2015, (0.72)
13-Aug-2015, (0.64)
14-Aug-2015, (0.57)
17-Aug-2015, (0.61)
18-Aug-2015, (0.65)
19-Aug-2015, (0.78)
20-Aug-2015, (1.05)
21-Aug-2015, (1.48)
24-Aug-2015, (2.01)
25-Aug-2015, (1.52)
26-Aug-2015, (1.33)
27-Aug-2015, (1.01)
28-Aug-2015, (0.95)
31-Aug-2015, (0.88)
01-Sep-2015, (1.07)
02-Sep-2015, (0.96)
03-Sep-2015, (0.99)
04-Sep-2015, (1.24)
07-Sep-2015, (1.27)
08-Sep-2015, (0.97)
09-Sep-2015, (0.90)
10-Sep-2015, (0.86)
11-Sep-2015, (0.82)
14-Sep-2015, (1.00)
15-Sep-2015, (0.82)
16-Sep-2015, (0.82)
17-Sep-2015, (0.83)
18-Sep-2015, (0.83)
21-Sep-2015, (0.84)
22-Sep-2015, (1.06)
23-Sep-2015, (1.08)
24-Sep-2015, (1.22)
25-Sep-2015, (1.11)
28-Sep-2015, (1.36)
29-Sep-2015, (1.45)
30-Sep-2015, (1.20)
01-Oct-2015, (1.18)
02-Oct-2015, (1.15)
05-Oct-2015, (0.98)
06-Oct-2015, (0.84)
07-Oct-2015, (0.75)
08-Oct-2015, (0.71)
09-Oct-2015, (0.62)
12-Oct-2015, (0.66)
13-Oct-2015, (0.76)
14-Oct-2015, (0.84)
15-Oct-2015, (0.81)
16-Oct-2015, (0.70)
19-Oct-2015, (0.71)
20-Oct-2015, (0.63)
21-Oct-2015, (0.67)
22-Oct-2015, (0.53)
23-Oct-2015, (0.50)
26-Oct-2015, (0.50)
27-Oct-2015, (0.61)
28-Oct-2015, (0.48)
29-Oct-2015, (0.38)
30-Oct-2015, (0.34)
02-Nov-2015, (0.34)
03-Nov-2015, (0.16)
04-Nov-2015, (0.12)
05-Nov-2015, (0.18)
06-Nov-2015, (0.04)
09-Nov-2015, (0.12)
10-Nov-2015, (0.14)
11-Nov-2015, (0.14)
12-Nov-2015, (0.24)
13-Nov-2015, (0.39)
16-Nov-2015, (0.39)
17-Nov-2015, (0.38)
18-Nov-2015, (0.36)
19-Nov-2015, (0.38)
20-Nov-2015, (0.21)
23-Nov-2015, (0.26)
24-Nov-2015, (0.27)
25-Nov-2015, (0.25)
26-Nov-2015, (0.24)
27-Nov-2015, (0.23)
30-Nov-2015, (0.16)
01-Dec-2015, (0.20)
02-Dec-2015, (0.19)
03-Dec-2015, (0.14)
04-Dec-2015, (0.19)
07-Dec-2015, (0.33)
08-Dec-2015, (0.48)
09-Dec-2015, (0.53)
10-Dec-2015, (0.53)
11-Dec-2015, (0.93)
14-Dec-2015, (0.95)
15-Dec-2015, (0.75)
16-Dec-2015, (0.58)
17-Dec-2015, (0.62)
18-Dec-2015, (0.74)
21-Dec-2015, (0.66)
22-Dec-2015, (0.62)
23-Dec-2015, (0.51)
24-Dec-2015, (0.46)
25-Dec-2015, (0.41)
28-Dec-2015, (0.63)
29-Dec-2015, (0.46)
30-Dec-2015, (0.52)
31-Dec-2015, (0.44)
01-Jan-2016, (0.45)
04-Jan-2016, (0.65)
05-Jan-2016, (0.64)
06-Jan-2016, (0.81)
07-Jan-2016, (1.08)
08-Jan-2016, (1.21)
11-Jan-2016, (1.19)
12-Jan-2016, (1.25)
13-Jan-2016, (1.38)
14-Jan-2016, (1.35)
15-Jan-2016, (1.69)
18-Jan-2016, (1.71)
19-Jan-2016, (1.60)
20-Jan-2016, (1.74)
21-Jan-2016, (1.54)
22-Jan-2016, (1.23)
25-Jan-2016, (1.25)
26-Jan-2016, (1.19)
27-Jan-2016, (1.19)
28-Jan-2016, (1.19)
29-Jan-2016, (1.08)
01-Feb-2016, (1.02)
02-Feb-2016, (1.25)
03-Feb-2016, (1.31)
04-Feb-2016, (1.31)
05-Feb-2016, (1.47)
08-Feb-2016, (1.89)
09-Feb-2016, (2.00)
10-Feb-2016, (1.93)
11-Feb-2016, (2.24)
12-Feb-2016, (1.87)
15-Feb-2016, (1.73)
16-Feb-2016, (1.67)
17-Feb-2016, (1.49)
18-Feb-2016, (1.51)
19-Feb-2016, (1.54)
22-Feb-2016, (1.39)
23-Feb-2016, (1.47)
24-Feb-2016, (1.54)
25-Feb-2016, (1.49)
26-Feb-2016, (1.28)
29-Feb-2016, (1.29)
01-Mar-2016, (1.06)
02-Mar-2016, (0.92)
03-Mar-2016, (0.92)
04-Mar-2016, (0.75)
07-Mar-2016, (0.76)
08-Mar-2016, (0.95)
09-Mar-2016, (0.84)
10-Mar-2016, (0.86)
11-Mar-2016, (0.64)
14-Mar-2016, (0.60)
15-Mar-2016, (0.65)
16-Mar-2016, (0.62)
17-Mar-2016, (0.62)
18-Mar-2016, (0.60)
21-Mar-2016, (0.56)
22-Mar-2016, (0.59)
23-Mar-2016, (0.68)
24-Mar-2016, (0.69)
25-Mar-2016, (0.75)
28-Mar-2016, (0.82)
29-Mar-2016, (0.82)
30-Mar-2016, (0.69)
31-Mar-2016, (0.63)
01-Apr-2016, (0.65)
04-Apr-2016, (0.68)
05-Apr-2016, (0.84)
06-Apr-2016, (0.83)
07-Apr-2016, (1.03)
08-Apr-2016, (0.83)
11-Apr-2016, (0.81)
12-Apr-2016, (0.72)
13-Apr-2016, (0.59)
14-Apr-2016, (0.52)
15-Apr-2016, (0.56)
18-Apr-2016, (0.51)
19-Apr-2016, (0.47)
20-Apr-2016, (0.41)
21-Apr-2016, (0.35)
22-Apr-2016, (0.28)
25-Apr-2016, (0.33)
26-Apr-2016, (0.21)
27-Apr-2016, (0.23)
28-Apr-2016, (0.28)
29-Apr-2016, (0.38)
02-May-2016, (0.37)
03-May-2016, (0.63)
04-May-2016, (0.70)
05-May-2016, (0.76)
06-May-2016, (0.76)
09-May-2016, (0.79)
10-May-2016, (0.77)
11-May-2016, (0.75)
12-May-2016, (0.70)
13-May-2016, (0.73)
16-May-2016, (0.67)
17-May-2016, (0.58)
18-May-2016, (0.45)
19-May-2016, (0.52)
20-May-2016, (0.47)
23-May-2016, (0.47)
24-May-2016, (0.35)
25-May-2016, (0.25)
26-May-2016, (0.27)
27-May-2016, (0.18)
30-May-2016, (0.13)
31-May-2016, (0.17)
01-Jun-2016, (0.26)
02-Jun-2016, (0.31)
03-Jun-2016, (0.41)
06-Jun-2016, (0.41)
07-Jun-2016, (0.36)
08-Jun-2016, (0.36)
09-Jun-2016, (0.46)
10-Jun-2016, (0.68)
13-Jun-2016, (0.89)
14-Jun-2016, (1.09)
15-Jun-2016, (1.09)
16-Jun-2016, (1.20)
17-Jun-2016, (1.01)
20-Jun-2016, (0.71)
21-Jun-2016, (0.61)
22-Jun-2016, (0.60)
23-Jun-2016, (0.37)
24-Jun-2016, (1.12)
27-Jun-2016, (1.33)
28-Jun-2016, (1.23)
29-Jun-2016, (1.00)
30-Jun-2016, (0.96)
01-Jul-2016, (0.75)
04-Jul-2016, (0.69)
05-Jul-2016, (0.88)
06-Jul-2016, (0.92)
07-Jul-2016, (0.86)
08-Jul-2016, (0.76)
11-Jul-2016, (0.59)
12-Jul-2016, (0.32)
13-Jul-2016, (0.32)
14-Jul-2016, (0.19)
15-Jul-2016, (0.08)
18-Jul-2016, (0.05)
19-Jul-2016, (0.10)
20-Jul-2016, (0.02)
21-Jul-2016, (0.03)
22-Jul-2016, (0.05)
25-Jul-2016, (0.05)
26-Jul-2016, (0.03)
27-Jul-2016, (0.05)
28-Jul-2016, (0.09)
29-Jul-2016, (0.14)
01-Aug-2016, (0.14)
02-Aug-2016, (0.16)
03-Aug-2016, (0.17)
04-Aug-2016, (0.12)
05-Aug-2016, 0.05 
08-Aug-2016, 0.13 
09-Aug-2016, 0.12 
10-Aug-2016, 0.14 
11-Aug-2016, 0.21 
12-Aug-2016, 0.16 
15-Aug-2016, 0.21 
16-Aug-2016, 0.20 
17-Aug-2016, 0.09 
18-Aug-2016, 0.11 
19-Aug-2016, 0.12 
22-Aug-2016, 0.06 
23-Aug-2016, 0.12 
24-Aug-2016, 0.15 
25-Aug-2016, 0.17 
26-Aug-2016, 0.19 
29-Aug-2016, 0.17 
30-Aug-2016, 0.13 
31-Aug-2016, 0.15 
01-Sep-2016, 0.11 
02-Sep-2016, 0.24 
05-Sep-2016, 0.27 
06-Sep-2016, 0.24 
07-Sep-2016, 0.27 
08-Sep-2016, 0.39 
09-Sep-2016, 0.34 
12-Sep-2016, 0.19 
13-Sep-2016, 0.15 
14-Sep-2016, 0.11 
15-Sep-2016, 0.10 
16-Sep-2016, 0.07 
19-Sep-2016, 0.18 
20-Sep-2016, 0.14 
21-Sep-2016, 0.20 
22-Sep-2016, 0.23 
23-Sep-2016, 0.23 
26-Sep-2016, 0.13 
27-Sep-2016, 0.10 
28-Sep-2016, 0.12 
29-Sep-2016, 0.11 
30-Sep-2016, 0.15 
03-Oct-2016, 0.19 
04-Oct-2016, 0.33 
05-Oct-2016, 0.39 
06-Oct-2016, 0.42 
07-Oct-2016, 0.41 
10-Oct-2016, 0.44 
11-Oct-2016, 0.36 
12-Oct-2016, 0.38 
13-Oct-2016, 0.27 
14-Oct-2016, 0.36 
17-Oct-2016, 0.31 
18-Oct-2016, 0.37 
19-Oct-2016, 0.42 
20-Oct-2016, 0.45 
21-Oct-2016, 0.48 
24-Oct-2016, 0.53 
25-Oct-2016, 0.52 
26-Oct-2016, 0.51 
27-Oct-2016, 0.52 
28-Oct-2016, 0.43 
31-Oct-2016, 0.35 
01-Nov-2016, 0.21 
02-Nov-2016, 0.07 
03-Nov-2016, (0.03)
04-Nov-2016, (0.07)
07-Nov-2016, 0.11 
08-Nov-2016, 0.22 
09-Nov-2016, 0.42 
10-Nov-2016, 0.61 
11-Nov-2016, 0.66 
14-Nov-2016, 0.73 
15-Nov-2016, 0.87 
16-Nov-2016, 0.78 
17-Nov-2016, 0.78 
18-Nov-2016, 0.79 
21-Nov-2016, 0.79 
22-Nov-2016, 0.78 
23-Nov-2016, 0.83 
24-Nov-2016, 0.82 
25-Nov-2016, 0.77 
28-Nov-2016, 0.69 
29-Nov-2016, 0.69 
30-Nov-2016, 0.83 
01-Dec-2016, 0.91 
02-Dec-2016, 0.83 
05-Dec-2016, 0.90 
06-Dec-2016, 1.00 
07-Dec-2016, 1.05 
08-Dec-2016, 1.20 
09-Dec-2016, 1.24 
12-Dec-2016, 1.24 
13-Dec-2016, 1.27 
14-Dec-2016, 1.20 
15-Dec-2016, 1.23 
16-Dec-2016, 1.13 
19-Dec-2016, 1.02 
20-Dec-2016, 1.12 
21-Dec-2016, 1.03 
22-Dec-2016, 0.85 
23-Dec-2016, 0.86 
26-Dec-2016, 0.87 
27-Dec-2016, 0.84 
28-Dec-2016, 0.84 
29-Dec-2016, 0.86 
30-Dec-2016, 0.82 
02-Jan-2017, 0.79 
03-Jan-2017, 0.88 
04-Jan-2017, 0.90 
05-Jan-2017, 0.76 
06-Jan-2017, 0.88 
09-Jan-2017, 0.86 
10-Jan-2017, 0.87 
11-Jan-2017, 0.86 
12-Jan-2017, 0.85 
13-Jan-2017, 0.85 
16-Jan-2017, 0.81 
17-Jan-2017, 0.75 
18-Jan-2017, 0.71 
19-Jan-2017, 0.79 
20-Jan-2017, 0.78 
23-Jan-2017, 0.74 
24-Jan-2017, 0.85 
25-Jan-2017, 1.00 
26-Jan-2017, 0.98 
27-Jan-2017, 0.92 
30-Jan-2017, 0.76 
31-Jan-2017, 0.67 
01-Feb-2017, 0.74 
02-Feb-2017, 0.71 
03-Feb-2017, 0.76 
06-Feb-2017, 0.64 
07-Feb-2017, 0.64 
08-Feb-2017, 0.51 
09-Feb-2017, 0.68 
10-Feb-2017, 0.69 
13-Feb-2017, 0.79 
14-Feb-2017, 0.88 
15-Feb-2017, 0.89 
16-Feb-2017, 0.81 
17-Feb-2017, 0.70 
20-Feb-2017, 0.71 
21-Feb-2017, 0.73 
22-Feb-2017, 0.70 
23-Feb-2017, 0.62 
24-Feb-2017, 0.48 
27-Feb-2017, 0.57 
28-Feb-2017, 0.55 
01-Mar-2017, 0.64 
02-Mar-2017, 0.67 
03-Mar-2017, 0.74 
06-Mar-2017, 0.67 
07-Mar-2017, 0.68 
08-Mar-2017, 0.65 
09-Mar-2017, 0.62 
10-Mar-2017, 0.66 
13-Mar-2017, 0.63 
14-Mar-2017, 0.54 
15-Mar-2017, 0.54 
16-Mar-2017, 0.63 
17-Mar-2017, 0.56 
20-Mar-2017, 0.53 
21-Mar-2017, 0.55 
22-Mar-2017, 0.46 
23-Mar-2017, 0.50 
24-Mar-2017, 0.46 
27-Mar-2017, 0.42 
28-Mar-2017, 0.49 
29-Mar-2017, 0.56 
30-Mar-2017, 0.57 
31-Mar-2017, 0.55 
03-Apr-2017, 0.49 
04-Apr-2017, 0.48 
05-Apr-2017, 0.43 
06-Apr-2017, 0.40 
07-Apr-2017, 0.38 
10-Apr-2017, 0.30 
11-Apr-2017, 0.15 
12-Apr-2017, 0.14 
13-Apr-2017, 0.03 
14-Apr-2017, (0.06)
17-Apr-2017, (0.06)
18-Apr-2017, (0.06)
19-Apr-2017, (0.05)
20-Apr-2017, 0.03 
21-Apr-2017, 0.08 
24-Apr-2017, 0.42 
25-Apr-2017, 0.54 
26-Apr-2017, 0.53 
27-Apr-2017, 0.53 
28-Apr-2017, 0.54 
01-May-2017, 0.67 
02-May-2017, 0.66 
03-May-2017, 0.64 
04-May-2017, 0.65 
05-May-2017, 0.68 
08-May-2017, 0.74 
09-May-2017, 0.79 
10-May-2017, 0.83 
11-May-2017, 0.83 
12-May-2017, 0.75 
15-May-2017, 0.78 
16-May-2017, 0.77 
17-May-2017, 0.47 
18-May-2017, 0.36 
19-May-2017, 0.47 
22-May-2017, 0.52 
23-May-2017, 0.57 
24-May-2017, 0.61 
25-May-2017, 0.61 
26-May-2017, 0.59 
29-May-2017, 0.51 
30-May-2017, 0.46 
31-May-2017, 0.42 
01-Jun-2017, 0.42 
02-Jun-2017, 0.34 
05-Jun-2017, 0.37 
06-Jun-2017, 0.35 
07-Jun-2017, 0.35 
08-Jun-2017, 0.45 
09-Jun-2017, 0.42 
12-Jun-2017, 0.34 
13-Jun-2017, 0.39 
14-Jun-2017, 0.31 
15-Jun-2017, 0.26 
16-Jun-2017, 0.21 
19-Jun-2017, 0.28 
20-Jun-2017, 0.24 
21-Jun-2017, 0.27 
22-Jun-2017, 0.34 
23-Jun-2017, 0.38 
26-Jun-2017, 0.44 
27-Jun-2017, 0.51 
28-Jun-2017, 0.55 
29-Jun-2017, 0.54 
30-Jun-2017, 0.60 
03-Jul-2017, 0.70 
04-Jul-2017, 0.68 
05-Jul-2017, 0.69 
06-Jul-2017, 0.70 
07-Jul-2017, 0.68 
10-Jul-2017, 0.65 
11-Jul-2017, 0.64 
12-Jul-2017, 0.71 
13-Jul-2017, 0.77 
14-Jul-2017, 0.85 
17-Jul-2017, 0.86 
18-Jul-2017, 0.81 
19-Jul-2017, 0.84 
20-Jul-2017, 0.85 
21-Jul-2017, 0.70 
24-Jul-2017, 0.74 
25-Jul-2017, 0.85 
26-Jul-2017, 0.82 
27-Jul-2017, 0.77 
28-Jul-2017, 0.73 
31-Jul-2017, 0.72 
01-Aug-2017, 0.68 
02-Aug-2017, 0.62 
03-Aug-2017, 0.55 
04-Aug-2017, 0.63 
07-Aug-2017, 0.61 
08-Aug-2017, 0.63 
09-Aug-2017, 0.40 
10-Aug-2017, 0.14 
11-Aug-2017, (0.01)
14-Aug-2017, 0.15 
15-Aug-2017, 0.14 
16-Aug-2017, 0.17 
17-Aug-2017, 0.05 
18-Aug-2017, 0.11 
21-Aug-2017, 0.09 
22-Aug-2017, 0.15 
23-Aug-2017, 0.11 
24-Aug-2017, 0.20 
25-Aug-2017, 0.25 
28-Aug-2017, 0.23 
29-Aug-2017, 0.10 
30-Aug-2017, 0.23 
31-Aug-2017, 0.26 
01-Sep-2017, 0.37 
04-Sep-2017, 0.33 
05-Sep-2017, 0.21 
06-Sep-2017, 0.21 
07-Sep-2017, 0.22 
08-Sep-2017, 0.19 
11-Sep-2017, 0.27 
12-Sep-2017, 0.45 
13-Sep-2017, 0.48 
14-Sep-2017, 0.53 
15-Sep-2017, 0.56 
18-Sep-2017, 0.65 
19-Sep-2017, 0.65 
20-Sep-2017, 0.70 
21-Sep-2017, 0.74 
22-Sep-2017, 0.71 
25-Sep-2017, 0.56 
26-Sep-2017, 0.58 
27-Sep-2017, 0.78 
28-Sep-2017, 0.82 
29-Sep-2017, 0.80 
02-Oct-2017, 0.77 
03-Oct-2017, 0.80 
04-Oct-2017, 0.73 
05-Oct-2017, 0.77 
06-Oct-2017, 0.75 
09-Oct-2017, 0.69 
10-Oct-2017, 0.66 
11-Oct-2017, 0.69 
12-Oct-2017, 0.67 
13-Oct-2017, 0.63 
16-Oct-2017, 0.61 
17-Oct-2017, 0.54 
18-Oct-2017, 0.61 
19-Oct-2017, 0.51 
20-Oct-2017, 0.69 
23-Oct-2017, 0.69 
24-Oct-2017, 0.78 
25-Oct-2017, 0.86 
26-Oct-2017, 0.92 
27-Oct-2017, 0.92 
30-Oct-2017, 0.90 
31-Oct-2017, 0.98 
01-Nov-2017, 1.02 
02-Nov-2017, 0.98 
03-Nov-2017, 0.98 
06-Nov-2017, 0.93 
07-Nov-2017, 0.79 
08-Nov-2017, 0.68 
09-Nov-2017, 0.62 
10-Nov-2017, 0.63 
13-Nov-2017, 0.55 
14-Nov-2017, 0.43 
15-Nov-2017, 0.22 
16-Nov-2017, 0.40 
17-Nov-2017, 0.43 
20-Nov-2017, 0.56 
21-Nov-2017, 0.65 
22-Nov-2017, 0.63 
23-Nov-2017, 0.59 
24-Nov-2017, 0.65 
27-Nov-2017, 0.55 
28-Nov-2017, 0.64 
29-Nov-2017, 0.75 
30-Nov-2017, 0.75 
01-Dec-2017, 0.60 
04-Dec-2017, 0.66 
05-Dec-2017, 0.60 
06-Dec-2017, 0.40 
07-Dec-2017, 0.55 
08-Dec-2017, 0.64 
11-Dec-2017, 0.58 
12-Dec-2017, 0.65 
13-Dec-2017, 0.56 
14-Dec-2017, 0.57 
15-Dec-2017, 0.56 
18-Dec-2017, 0.75 
19-Dec-2017, 0.93 
20-Dec-2017, 1.03 
21-Dec-2017, 1.07 
22-Dec-2017, 1.06 
25-Dec-2017, 1.04 
26-Dec-2017, 0.99 
27-Dec-2017, 0.85 
28-Dec-2017, 0.89 
29-Dec-2017, 0.73 
01-Jan-2018, 0.68 
02-Jan-2018, 0.91 
03-Jan-2018, 0.95 
04-Jan-2018, 1.09 
05-Jan-2018, 1.25 
08-Jan-2018, 1.25 
09-Jan-2018, 1.34 
10-Jan-2018, 1.26 
11-Jan-2018, 1.35 
12-Jan-2018, 1.41 
15-Jan-2018, 1.45 
16-Jan-2018, 1.35 
17-Jan-2018, 1.33 
18-Jan-2018, 1.38 
19-Jan-2018, 1.43 
22-Jan-2018, 1.51 
23-Jan-2018, 1.47 
24-Jan-2018, 1.50 
25-Jan-2018, 1.36 
26-Jan-2018, 1.46 
29-Jan-2018, 1.45 
30-Jan-2018, 1.30 
31-Jan-2018, 1.31 
01-Feb-2018, 1.40 
02-Feb-2018, 1.22 
05-Feb-2018, 0.52 
06-Feb-2018, 0.47 
07-Feb-2018, 0.76 
08-Feb-2018, 0.49 
09-Feb-2018, 0.31 
12-Feb-2018, 0.40 
13-Feb-2018, 0.40 
14-Feb-2018, 0.82 
15-Feb-2018, 0.83 
16-Feb-2018, 0.85 
19-Feb-2018, 0.91 
20-Feb-2018, 0.98 
21-Feb-2018, 1.08 
22-Feb-2018, 0.94 
23-Feb-2018, 0.80 
26-Feb-2018, 0.86 
27-Feb-2018, 0.90 
28-Feb-2018, 0.71 
01-Mar-2018, 0.55 
02-Mar-2018, 0.57 
05-Mar-2018, 0.60 
06-Mar-2018, 0.75 
07-Mar-2018, 0.78 
08-Mar-2018, 0.78 
09-Mar-2018, 0.94 
12-Mar-2018, 0.84 
13-Mar-2018, 0.77 
14-Mar-2018, 0.66 
15-Mar-2018, 0.58 
16-Mar-2018, 0.58 
19-Mar-2018, 0.49 
20-Mar-2018, 0.57 
21-Mar-2018, 0.69 
22-Mar-2018, 0.39 
23-Mar-2018, 0.24 
26-Mar-2018, 0.31 
27-Mar-2018, 0.25 
28-Mar-2018, 0.20 
29-Mar-2018, 0.33 
30-Mar-2018, 0.35 
02-Apr-2018, 0.23 
03-Apr-2018, 0.32 
04-Apr-2018, 0.31 
05-Apr-2018, 0.45 
06-Apr-2018, 0.30 
09-Apr-2018, 0.35 
10-Apr-2018, 0.45 
11-Apr-2018, 0.40 
12-Apr-2018, 0.55 
13-Apr-2018, 0.54 
16-Apr-2018, 0.51 
17-Apr-2018, 0.49 
18-Apr-2018, 0.51 
19-Apr-2018, 0.65 
20-Apr-2018, 0.65 
23-Apr-2018, 0.74 
24-Apr-2018, 0.75 
25-Apr-2018, 0.71 
26-Apr-2018, 0.64 
27-Apr-2018, 0.59 
30-Apr-2018, 0.53 
01-May-2018, 0.57 
02-May-2018, 0.62 
03-May-2018, 0.43 
04-May-2018, 0.43 
07-May-2018, 0.44 
08-May-2018, 0.46 
09-May-2018, 0.50 
10-May-2018, 0.52 
11-May-2018, 0.56 
14-May-2018, 0.57 
15-May-2018, 0.61 
16-May-2018, 0.57 
17-May-2018, 0.60 
18-May-2018, 0.36 
21-May-2018, 0.26 
22-May-2018, 0.37 
23-May-2018, 0.14 
24-May-2018, 0.01 
25-May-2018, (0.16)
28-May-2018, (0.39)
29-May-2018, (0.96)
30-May-2018, (0.72)
31-May-2018, (0.68)
01-Jun-2018, (0.41)
04-Jun-2018, (0.15)
05-Jun-2018, (0.24)
06-Jun-2018, (0.12)
07-Jun-2018, (0.15)
08-Jun-2018, (0.32)
11-Jun-2018, (0.22)
12-Jun-2018, (0.22)
13-Jun-2018, (0.20)
14-Jun-2018, (0.22)
15-Jun-2018, (0.23)
18-Jun-2018, (0.22)
19-Jun-2018, (0.40)
20-Jun-2018, (0.32)
21-Jun-2018, (0.53)
22-Jun-2018, (0.48)
25-Jun-2018, (0.67)
26-Jun-2018, (0.63)
27-Jun-2018, (0.75)
28-Jun-2018, (0.79)
29-Jun-2018, (0.74)
02-Jul-2018, (0.78)
03-Jul-2018, (0.76)
04-Jul-2018, (0.72)
05-Jul-2018, (0.72)
06-Jul-2018, (0.62)
09-Jul-2018, (0.43)
10-Jul-2018, (0.35)
11-Jul-2018, (0.45)
12-Jul-2018, (0.40)
13-Jul-2018, (0.42)
16-Jul-2018, (0.41)
17-Jul-2018, (0.35)
18-Jul-2018, (0.36)
19-Jul-2018, (0.42)
20-Jul-2018, (0.39)
23-Jul-2018, (0.30)
24-Jul-2018, (0.25)
25-Jul-2018, (0.23)
26-Jul-2018, (0.16)
27-Jul-2018, (0.17)
30-Jul-2018, (0.16)
31-Jul-2018, (0.21)
01-Aug-2018, (0.13)
02-Aug-2018, (0.23)
03-Aug-2018, (0.31)
06-Aug-2018, (0.27)
07-Aug-2018, (0.16)
08-Aug-2018, (0.19)
09-Aug-2018, (0.28)
10-Aug-2018, (0.63)
13-Aug-2018, (0.80)
14-Aug-2018, (0.69)
15-Aug-2018, (0.84)
16-Aug-2018, (0.77)
17-Aug-2018, (0.74)
20-Aug-2018, (0.69)
21-Aug-2018, (0.55)
22-Aug-2018, (0.51)
23-Aug-2018, (0.54)
24-Aug-2018, (0.50)
27-Aug-2018, (0.40)
28-Aug-2018, (0.35)
29-Aug-2018, (0.29)
30-Aug-2018, (0.47)
31-Aug-2018, (0.60)
03-Sep-2018, (0.64)
04-Sep-2018, (0.56)
05-Sep-2018, (0.60)
06-Sep-2018, (0.72)
07-Sep-2018, (0.65)
10-Sep-2018, (0.58)
11-Sep-2018, (0.51)
12-Sep-2018, (0.54)
13-Sep-2018, (0.45)
14-Sep-2018, (0.35)
17-Sep-2018, (0.40)
18-Sep-2018, (0.25)
19-Sep-2018, (0.14)
20-Sep-2018, (0.12)
21-Sep-2018, (0.12)
24-Sep-2018, (0.06)
25-Sep-2018, 0.05 
26-Sep-2018, 0.03 
27-Sep-2018, 0.01 
28-Sep-2018, (0.15)
01-Oct-2018, (0.11)
02-Oct-2018, (0.28)
03-Oct-2018, (0.06)
04-Oct-2018, (0.11)
05-Oct-2018, (0.13)
08-Oct-2018, (0.21)
09-Oct-2018, (0.26)
10-Oct-2018, (0.44)
11-Oct-2018, (0.67)
12-Oct-2018, (0.53)
15-Oct-2018, (0.55)
16-Oct-2018, (0.48)
17-Oct-2018, (0.50)
18-Oct-2018, (0.67)
19-Oct-2018, (0.74)
22-Oct-2018, (0.69)
23-Oct-2018, (0.89)
24-Oct-2018, (1.11)
25-Oct-2018, (0.98)
26-Oct-2018, (1.13)
29-Oct-2018, (1.10)
30-Oct-2018, (1.03)
31-Oct-2018, (0.84)
01-Nov-2018, (0.68)
02-Nov-2018, (0.46)
05-Nov-2018, (0.51)
06-Nov-2018, (0.46)
07-Nov-2018, (0.36)
08-Nov-2018, (0.37)
09-Nov-2018, (0.59)
12-Nov-2018, (0.77)
13-Nov-2018, (0.81)
14-Nov-2018, (0.90)
15-Nov-2018, (1.04)
16-Nov-2018, (1.05)
19-Nov-2018, (1.16)
20-Nov-2018, (1.37)
21-Nov-2018, (1.18)
22-Nov-2018, (1.14)
23-Nov-2018, (1.20)
26-Nov-2018, (1.02)
27-Nov-2018, (1.06)
28-Nov-2018, (0.97)
29-Nov-2018, (0.98)
30-Nov-2018, (0.99)
03-Dec-2018, (0.91)
04-Dec-2018, (1.16)
05-Dec-2018, (1.20)
06-Dec-2018, (1.51)
07-Dec-2018, (1.52)
10-Dec-2018, (1.66)
11-Dec-2018, (1.57)
12-Dec-2018, (1.34)
13-Dec-2018, (1.26)
14-Dec-2018, (1.35)
17-Dec-2018, (1.47)
18-Dec-2018, (1.53)
19-Dec-2018, (1.65)
20-Dec-2018, (1.78)
21-Dec-2018, (1.85)
24-Dec-2018, (1.88)
25-Dec-2018, (1.87)
26-Dec-2018, (1.69)
27-Dec-2018, (1.72)
28-Dec-2018, (1.57)
31-Dec-2018, (1.51)
01-Jan-2019, (1.45)
02-Jan-2019, (1.48)
03-Jan-2019, (1.62)
04-Jan-2019, (1.30)
07-Jan-2019, (1.21)
08-Jan-2019, (1.13)
09-Jan-2019, (1.03)
10-Jan-2019, (1.00)
11-Jan-2019, (1.00)
14-Jan-2019, (0.97)
15-Jan-2019, (0.97)
16-Jan-2019, (0.86)
17-Jan-2019, (0.78)
18-Jan-2019, (0.63)
21-Jan-2019, (0.63)
22-Jan-2019, (0.69)
23-Jan-2019, (0.68)
24-Jan-2019, (0.75)
25-Jan-2019, (0.59)
28-Jan-2019, (0.64)
29-Jan-2019, (0.70)
30-Jan-2019, (0.68)
31-Jan-2019, (0.69)
01-Feb-2019, (0.65)
04-Feb-2019, (0.61)
05-Feb-2019, (0.57)
06-Feb-2019, (0.59)
07-Feb-2019, (0.80)
08-Feb-2019, (0.90)
11-Feb-2019, (0.78)
12-Feb-2019, (0.69)
13-Feb-2019, (0.65)
14-Feb-2019, (0.69)
15-Feb-2019, (0.61)
18-Feb-2019, (0.59)
19-Feb-2019, (0.58)
20-Feb-2019, (0.54)
21-Feb-2019, (0.51)
22-Feb-2019, (0.51)
25-Feb-2019, (0.46)
26-Feb-2019, (0.44)
27-Feb-2019, (0.35)
28-Feb-2019, (0.32)
01-Mar-2019, (0.25)
04-Mar-2019, (0.31)
05-Mar-2019, (0.32)
06-Mar-2019, (0.41)
07-Mar-2019, (0.55)
08-Mar-2019, (0.65)
11-Mar-2019, (0.59)
12-Mar-2019, (0.59)
13-Mar-2019, (0.54)
14-Mar-2019, (0.46)
15-Mar-2019, (0.40)
18-Mar-2019, (0.34)
19-Mar-2019, (0.29)
20-Mar-2019, (0.43)
21-Mar-2019, (0.45)
22-Mar-2019, (0.70)
25-Mar-2019, (0.76)
26-Mar-2019, (0.68)
27-Mar-2019, (0.79)
28-Mar-2019, (0.78)
29-Mar-2019, (0.69)
01-Apr-2019, (0.52)
02-Apr-2019, (0.53)
03-Apr-2019, (0.36)
04-Apr-2019, (0.34)
05-Apr-2019, (0.32)
08-Apr-2019, (0.36)
09-Apr-2019, (0.39)
10-Apr-2019, (0.38)
11-Apr-2019, (0.30)
12-Apr-2019, (0.12)
15-Apr-2019, (0.11)
16-Apr-2019, (0.00)
17-Apr-2019, 0.04 
18-Apr-2019, (0.01)
19-Apr-2019, 0.00 
22-Apr-2019, 0.03 
23-Apr-2019, (0.00)
24-Apr-2019, (0.13)
25-Apr-2019, (0.16)
26-Apr-2019, (0.16)
29-Apr-2019, (0.10)
30-Apr-2019, (0.13)
01-May-2019, (0.15)
02-May-2019, (0.12)
03-May-2019, (0.04)
06-May-2019, (0.19)
07-May-2019, (0.36)
08-May-2019, (0.41)
09-May-2019, (0.58)
10-May-2019, (0.61)
13-May-2019, (0.90)
14-May-2019, (0.79)
15-May-2019, (0.83)
16-May-2019, (0.72)
17-May-2019, (0.74)
20-May-2019, (0.70)
21-May-2019, (0.56)
22-May-2019, (0.62)
23-May-2019, (0.90)
24-May-2019, (0.80)
27-May-2019, (0.83)
28-May-2019, (0.93)
29-May-2019, (0.97)
30-May-2019, (0.94)
31-May-2019, (1.14)
03-Jun-2019, (1.23)
04-Jun-2019, (1.07)
05-Jun-2019, (1.06)
06-Jun-2019, (1.08)
07-Jun-2019, (1.02)
10-Jun-2019, (0.79)
11-Jun-2019, (0.71)
12-Jun-2019, (0.79)
13-Jun-2019, (0.75)
14-Jun-2019, (0.78)
17-Jun-2019, (0.79)
18-Jun-2019, (0.69)
19-Jun-2019, (0.60)
20-Jun-2019, (0.62)
21-Jun-2019, (0.56)
24-Jun-2019, (0.63)
25-Jun-2019, (0.72)
26-Jun-2019, (0.57)
27-Jun-2019, (0.57)
28-Jun-2019, (0.52)
01-Jul-2019, (0.38)
02-Jul-2019, (0.39)
03-Jul-2019, (0.36)
04-Jul-2019, (0.37)
05-Jul-2019, (0.33)
08-Jul-2019, (0.41)
09-Jul-2019, (0.40)
10-Jul-2019, (0.35)
11-Jul-2019, (0.27)
12-Jul-2019, (0.24)
15-Jul-2019, (0.28)
16-Jul-2019, (0.25)
17-Jul-2019, (0.32)
18-Jul-2019, (0.34)
19-Jul-2019, (0.35)
22-Jul-2019, (0.37)
23-Jul-2019, (0.28)
24-Jul-2019, (0.26)
25-Jul-2019, (0.23)
26-Jul-2019, (0.26)
29-Jul-2019, (0.31)
30-Jul-2019, (0.39)
31-Jul-2019, (0.39)
01-Aug-2019, (0.55)
02-Aug-2019, (0.81)
05-Aug-2019, (1.16)
06-Aug-2019, (1.11)
07-Aug-2019, (1.21)
08-Aug-2019, (1.07)
09-Aug-2019, (1.10)
12-Aug-2019, (1.24)
13-Aug-2019, (1.11)
14-Aug-2019, (1.32)
15-Aug-2019, (1.38)
16-Aug-2019, (1.27)
19-Aug-2019, (1.11)
20-Aug-2019, (1.09)
21-Aug-2019, (0.91)
22-Aug-2019, (0.82)
23-Aug-2019, (1.00)
26-Aug-2019, (1.07)
27-Aug-2019, (1.06)
28-Aug-2019, (1.09)
29-Aug-2019, (0.97)
30-Aug-2019, (0.92)
02-Sep-2019, (0.87)
03-Sep-2019, (0.92)
04-Sep-2019, (0.79)
05-Sep-2019, (0.57)
06-Sep-2019, (0.55)
09-Sep-2019, (0.40)
10-Sep-2019, (0.32)
11-Sep-2019, (0.27)
12-Sep-2019, (0.19)
13-Sep-2019, (0.04)
16-Sep-2019, (0.09)
17-Sep-2019, (0.16)
18-Sep-2019, (0.20)
19-Sep-2019, (0.21)
20-Sep-2019, (0.23)
23-Sep-2019, (0.32)
24-Sep-2019, (0.45)
25-Sep-2019, (0.43)
26-Sep-2019, (0.46)
27-Sep-2019, (0.49)
30-Sep-2019, (0.46)
01-Oct-2019, (0.53)
02-Oct-2019, (0.65)
03-Oct-2019, (0.75)
04-Oct-2019, (0.71)
07-Oct-2019, (0.72)
08-Oct-2019, (0.82)
09-Oct-2019, (0.70)
10-Oct-2019, (0.52)
11-Oct-2019, (0.26)
14-Oct-2019, (0.25)
15-Oct-2019, (0.12)
16-Oct-2019, (0.10)
17-Oct-2019, (0.10)
18-Oct-2019, (0.13)
21-Oct-2019, (0.05)
22-Oct-2019, (0.03)
23-Oct-2019, (0.04)
24-Oct-2019, (0.04)
25-Oct-2019, 0.04 
28-Oct-2019, 0.12 
29-Oct-2019, 0.06 
30-Oct-2019, 0.00 
31-Oct-2019, (0.11)
01-Nov-2019, 0.03 
04-Nov-2019, 0.12 
05-Nov-2019, 0.27 
06-Nov-2019, 0.20 
07-Nov-2019, 0.37 
08-Nov-2019, 0.35 
11-Nov-2019, 0.33 
12-Nov-2019, 0.30 
13-Nov-2019, 0.12 
14-Nov-2019, 0.04 
15-Nov-2019, 0.13 
18-Nov-2019, 0.05 
19-Nov-2019, 0.02 
20-Nov-2019, (0.06)
21-Nov-2019, (0.05)
22-Nov-2019, (0.05)
25-Nov-2019, (0.00)
26-Nov-2019, (0.05)
27-Nov-2019, 0.01 
28-Nov-2019, 0.00 
29-Nov-2019, (0.00)
02-Dec-2019, (0.00)
03-Dec-2019, (0.15)
04-Dec-2019, (0.00)
05-Dec-2019, 0.04 
06-Dec-2019, 0.10 
09-Dec-2019, 0.01 
10-Dec-2019, 0.03 
11-Dec-2019, 0.03 
12-Dec-2019, 0.25 
13-Dec-2019, 0.19 
16-Dec-2019, 0.31 
17-Dec-2019, 0.39 
18-Dec-2019, 0.42 
19-Dec-2019, 0.35 
20-Dec-2019, 0.39 
23-Dec-2019, 0.44 
24-Dec-2019, 0.42 
25-Dec-2019, 0.45 
26-Dec-2019, 0.50 
27-Dec-2019, 0.44 
30-Dec-2019, 0.46 
31-Dec-2019, 0.44 
01-Jan-2020, 0.43 
02-Jan-2020, 0.47 
03-Jan-2020, 0.32 
06-Jan-2020, 0.29 
07-Jan-2020, 0.34 
08-Jan-2020, 0.39 
09-Jan-2020, 0.47 
10-Jan-2020, 0.51 
13-Jan-2020, 0.55 
14-Jan-2020, 0.54 
15-Jan-2020, 0.46 
16-Jan-2020, 0.47 
17-Jan-2020, 0.49 
20-Jan-2020, 0.49 
21-Jan-2020, 0.33 
22-Jan-2020, 0.33 
23-Jan-2020, 0.25 
24-Jan-2020, 0.16 
27-Jan-2020, (0.19)
28-Jan-2020, (0.03)
29-Jan-2020, 0.00 
30-Jan-2020, (0.17)
31-Jan-2020, (0.34)
03-Feb-2020, (0.27)
04-Feb-2020, (0.02)
05-Feb-2020, 0.12 
06-Feb-2020, 0.16 
07-Feb-2020, 0.07 
10-Feb-2020, 0.06 
11-Feb-2020, 0.19 
12-Feb-2020, 0.31 
13-Feb-2020, 0.26 
14-Feb-2020, 0.24 
17-Feb-2020, 0.24 
18-Feb-2020, 0.07 
19-Feb-2020, 0.13 
20-Feb-2020, 0.03 
21-Feb-2020, (0.15)
24-Feb-2020, (0.67)
25-Feb-2020, (0.90)
26-Feb-2020, (0.94)
27-Feb-2020, (1.50)
28-Feb-2020, (1.83)
02-Mar-2020, (1.70)
03-Mar-2020, (1.63)
04-Mar-2020, (1.58)
05-Mar-2020, (1.88)
06-Mar-2020, (2.41)
09-Mar-2020, (3.58)
10-Mar-2020, (3.15)
11-Mar-2020, (3.21)
12-Mar-2020, (3.90)
13-Mar-2020, (3.55)
16-Mar-2020, (4.08)
17-Mar-2020, (3.95)
18-Mar-2020, (3.92)
19-Mar-2020, (3.46)
20-Mar-2020, (3.05)
23-Mar-2020, (3.02)
24-Mar-2020, (2.58)
25-Mar-2020, (2.22)
26-Mar-2020, (2.01)
27-Mar-2020, (2.11)
30-Mar-2020, (2.22)
31-Mar-2020, (2.03)
01-Apr-2020, (2.07)
02-Apr-2020, (1.99)
03-Apr-2020, (1.97)
06-Apr-2020, (1.83)
07-Apr-2020, (1.60)
08-Apr-2020, (1.54)
09-Apr-2020, (1.45)
10-Apr-2020, (1.41)
13-Apr-2020, (1.34)
14-Apr-2020, (1.37)
15-Apr-2020, (1.54)
16-Apr-2020, (1.54)
17-Apr-2020, (1.47)
20-Apr-2020, (1.47)
21-Apr-2020, (1.62)
22-Apr-2020, (1.54)
23-Apr-2020, (1.43)
24-Apr-2020, (1.44)
27-Apr-2020, (1.30)
28-Apr-2020, (1.23)
29-Apr-2020, (1.12)
30-Apr-2020, (1.15)
01-May-2020, (1.20)
04-May-2020, (1.24)
05-May-2020, (1.19)
06-May-2020, (1.12)
07-May-2020, (1.14)
08-May-2020, (1.06)
11-May-2020, (0.99)
12-May-2020, (1.01)
13-May-2020, (1.04)
14-May-2020, (1.11)
15-May-2020, (1.13)
18-May-2020, (0.96)
19-May-2020, (0.88)
20-May-2020, (0.83)
21-May-2020, (0.78)
22-May-2020, (0.80)
25-May-2020, (0.79)
26-May-2020, (0.64)
27-May-2020, (0.59)
28-May-2020, (0.61)
29-May-2020, (0.67)
01-Jun-2020, (0.52)
02-Jun-2020, (0.48)
03-Jun-2020, (0.31)
04-Jun-2020, (0.24)
05-Jun-2020, (0.05)
08-Jun-2020, (0.06)
09-Jun-2020, (0.14)
10-Jun-2020, (0.25)
11-Jun-2020, (0.54)
12-Jun-2020, (0.53)
15-Jun-2020, (0.58)
16-Jun-2020, (0.47)
17-Jun-2020, (0.51)
18-Jun-2020, (0.51)
19-Jun-2020, (0.41)
22-Jun-2020, (0.46)
23-Jun-2020, (0.40)
24-Jun-2020, (0.46)
25-Jun-2020, (0.48)
26-Jun-2020, (0.56)
29-Jun-2020, (0.57)
30-Jun-2020, (0.60)
01-Jul-2020, (0.51)
02-Jul-2020, (0.47)
03-Jul-2020, (0.45)
06-Jul-2020, (0.37)
07-Jul-2020, (0.36)
08-Jul-2020, (0.35)
09-Jul-2020, (0.32)
10-Jul-2020, (0.30)
13-Jul-2020, (0.22)
14-Jul-2020, (0.30)
15-Jul-2020, (0.33)
16-Jul-2020, (0.37)
17-Jul-2020, (0.32)
20-Jul-2020, (0.32)
21-Jul-2020, (0.21)
22-Jul-2020, (0.31)
23-Jul-2020, (0.30)
24-Jul-2020, (0.32)
27-Jul-2020, (0.36)
28-Jul-2020, (0.37)
29-Jul-2020, (0.37)
30-Jul-2020, (0.41)
31-Jul-2020, (0.42)
03-Aug-2020, (0.38)
04-Aug-2020, (0.37)
05-Aug-2020, (0.27)
06-Aug-2020, (0.27)
07-Aug-2020, (0.24)
10-Aug-2020, (0.22)
11-Aug-2020, (0.11)
12-Aug-2020, (0.11)
13-Aug-2020, (0.08)
14-Aug-2020, (0.09)
17-Aug-2020, (0.14)
18-Aug-2020, (0.14)
19-Aug-2020, (0.14)
20-Aug-2020, (0.23)
21-Aug-2020, (0.26)
24-Aug-2020, (0.20)
25-Aug-2020, (0.10)
26-Aug-2020, (0.07)
27-Aug-2020, (0.02)
28-Aug-2020, (0.01)
31-Aug-2020, (0.08)
01-Sep-2020, (0.07)
02-Sep-2020, (0.11)
03-Sep-2020, (0.19)
04-Sep-2020, (0.11)
07-Sep-2020, (0.10)
08-Sep-2020, (0.16)
09-Sep-2020, (0.14)
10-Sep-2020, (0.11)
11-Sep-2020, (0.10)
14-Sep-2020, (0.09)
15-Sep-2020, (0.06)
16-Sep-2020, (0.03)
17-Sep-2020, (0.07)
18-Sep-2020, (0.03)
21-Sep-2020, (0.12)
22-Sep-2020, (0.11)
23-Sep-2020, (0.11)
24-Sep-2020, (0.16)
25-Sep-2020, (0.18)
28-Sep-2020, (0.12)
29-Sep-2020, (0.12)
30-Sep-2020, (0.05)
01-Oct-2020, (0.03)
02-Oct-2020, (0.01)
05-Oct-2020, 0.03 
06-Oct-2020, 0.05 
07-Oct-2020, 0.12 
08-Oct-2020, 0.13 
09-Oct-2020, 0.15 
12-Oct-2020, 0.15 
13-Oct-2020, 0.14 
14-Oct-2020, 0.12 
15-Oct-2020, 0.02 
16-Oct-2020, 0.02 
19-Oct-2020, 0.01 
20-Oct-2020, 0.02 
21-Oct-2020, 0.05 
22-Oct-2020, 0.09 
23-Oct-2020, 0.09 
26-Oct-2020, 0.05 
27-Oct-2020, 0.02 
28-Oct-2020, (0.06)
29-Oct-2020, (0.04)
30-Oct-2020, (0.06)
02-Nov-2020, (0.09)
03-Nov-2020, (0.05)
04-Nov-2020, (0.02)
05-Nov-2020, 0.12 
06-Nov-2020, 0.21 
09-Nov-2020, 0.49 
10-Nov-2020, 0.49 
11-Nov-2020, 0.46 
12-Nov-2020, 0.36 
13-Nov-2020, 0.38 
16-Nov-2020, 0.42 
17-Nov-2020, 0.41 
18-Nov-2020, 0.43 
19-Nov-2020, 0.40 
20-Nov-2020, 0.41 
23-Nov-2020, 0.48 
24-Nov-2020, 0.56 
25-Nov-2020, 0.53 
26-Nov-2020, 0.55 
27-Nov-2020, 0.54 
30-Nov-2020, 0.50 
01-Dec-2020, 0.58 
02-Dec-2020, 0.59 
03-Dec-2020, 0.59 
04-Dec-2020, 0.64 
07-Dec-2020, 0.59 
08-Dec-2020, 0.53 
09-Dec-2020, 0.56 
10-Dec-2020, 0.55 
11-Dec-2020, 0.45 
14-Dec-2020, 0.48 
15-Dec-2020, 0.52 
16-Dec-2020, 0.54 
17-Dec-2020, 0.54 
18-Dec-2020, 0.53 
21-Dec-2020, 0.48 
22-Dec-2020, 0.48 
23-Dec-2020, 0.57 
24-Dec-2020, 0.55 
25-Dec-2020, 0.54 
28-Dec-2020, 0.55 
29-Dec-2020, 0.55 
30-Dec-2020, 0.60 
31-Dec-2020, 0.59 
01-Jan-2021, 0.60 
04-Jan-2021, 0.56 
05-Jan-2021, 0.62 
06-Jan-2021, 0.74 
07-Jan-2021, 0.79 
08-Jan-2021, 0.91 
11-Jan-2021, 0.96 
12-Jan-2021, 1.00 
13-Jan-2021, 0.93 
14-Jan-2021, 0.97 
15-Jan-2021, 0.92 
18-Jan-2021, 0.92 
19-Jan-2021, 0.92 
20-Jan-2021, 0.91 
21-Jan-2021, 0.96 
22-Jan-2021, 0.89 
25-Jan-2021, 0.85 
26-Jan-2021, 0.88 
27-Jan-2021, 0.82 
28-Jan-2021, 0.82 
29-Jan-2021, 0.87 
01-Feb-2021, 0.88 
02-Feb-2021, 0.98 
03-Feb-2021, 1.07 
04-Feb-2021, 1.14 
05-Feb-2021, 1.20 
08-Feb-2021, 1.19 
09-Feb-2021, 1.18 
10-Feb-2021, 1.18 
11-Feb-2021, 1.21 
12-Feb-2021, 1.29 
15-Feb-2021, 1.34 
16-Feb-2021, 1.41 
17-Feb-2021, 1.38 
18-Feb-2021, 1.35 
19-Feb-2021, 1.45 
22-Feb-2021, 1.40 
23-Feb-2021, 1.44 
24-Feb-2021, 1.47 
25-Feb-2021, 1.48 
26-Feb-2021, 1.38 
01-Mar-2021, 1.38 
02-Mar-2021, 1.34 
03-Mar-2021, 1.42 
04-Mar-2021, 1.38 
05-Mar-2021, 1.37 
08-Mar-2021, 1.40 
09-Mar-2021, 1.35 
10-Mar-2021, 1.33 
11-Mar-2021, 1.39 
12-Mar-2021, 1.47 
15-Mar-2021, 1.38 
16-Mar-2021, 1.35 
17-Mar-2021, 1.38 
18-Mar-2021, 1.40 
19-Mar-2021, 1.37 
22-Mar-2021, 1.29 
23-Mar-2021, 1.24 
24-Mar-2021, 1.18 
25-Mar-2021, 1.14 
26-Mar-2021, 1.18 
29-Mar-2021, 1.16 
30-Mar-2021, 1.20 
31-Mar-2021, 1.21 
01-Apr-2021, 1.27 
02-Apr-2021, 1.29 
05-Apr-2021, 1.30 
06-Apr-2021, 1.26 
07-Apr-2021, 1.25 
08-Apr-2021, 1.23 
09-Apr-2021, 1.25 
12-Apr-2021, 1.18 
13-Apr-2021, 1.14 
14-Apr-2021, 1.17 
15-Apr-2021, 1.04 
16-Apr-2021, 1.11 
19-Apr-2021, 1.14 
20-Apr-2021, 1.06 
21-Apr-2021, 1.04 
22-Apr-2021, 1.05 
23-Apr-2021, 1.03 
26-Apr-2021, 1.05 
27-Apr-2021, 1.03 
28-Apr-2021, 1.07 
29-Apr-2021, 1.10 
30-Apr-2021, 1.01 
03-May-2021, 0.99 
04-May-2021, 0.94 
05-May-2021, 0.94 
06-May-2021, 0.87 
07-May-2021, 0.89 
10-May-2021, 0.87 
11-May-2021, 0.90 
12-May-2021, 0.81 
13-May-2021, 0.79 
14-May-2021, 0.83 
17-May-2021, 0.84 
18-May-2021, 0.83 
19-May-2021, 0.71 
20-May-2021, 0.76 
21-May-2021, 0.72 
24-May-2021, 0.68 
25-May-2021, 0.70 
26-May-2021, 0.73 
27-May-2021, 0.84 
28-May-2021, 0.82 
31-May-2021, 0.82 
01-Jun-2021, 0.85 
02-Jun-2021, 0.86 
03-Jun-2021, 0.88 
04-Jun-2021, 0.84 
07-Jun-2021, 0.84 
08-Jun-2021, 0.83 
09-Jun-2021, 0.72 
10-Jun-2021, 0.70 
11-Jun-2021, 0.70 
14-Jun-2021, 0.71 
15-Jun-2021, 0.69 
16-Jun-2021, 0.77 
17-Jun-2021, 0.78 
18-Jun-2021, 0.68 
21-Jun-2021, 0.69 
22-Jun-2021, 0.71 
23-Jun-2021, 0.76 
24-Jun-2021, 0.77 
25-Jun-2021, 0.82 
28-Jun-2021, 0.79 
29-Jun-2021, 0.79 
30-Jun-2021, 0.75 
01-Jul-2021, 0.77 
02-Jul-2021, 0.67 
05-Jul-2021, 0.64 
06-Jul-2021, 0.51 
07-Jul-2021, 0.46 
08-Jul-2021, 0.25 
09-Jul-2021, 0.34 
12-Jul-2021, 0.39 
13-Jul-2021, 0.48 
14-Jul-2021, 0.42 
15-Jul-2021, 0.35 
16-Jul-2021, 0.24 
19-Jul-2021, (0.05)
20-Jul-2021, (0.01)
21-Jul-2021, 0.15 
22-Jul-2021, 0.24 
23-Jul-2021, 0.32 
26-Jul-2021, 0.32 
27-Jul-2021, 0.17 
28-Jul-2021, 0.21 
29-Jul-2021, 0.20 
30-Jul-2021, 0.12 
02-Aug-2021, 0.10 
03-Aug-2021, 0.13 
04-Aug-2021, 0.16 
05-Aug-2021, 0.24 
06-Aug-2021, 0.32 
09-Aug-2021, 0.32 
10-Aug-2021, 0.37 
11-Aug-2021, 0.32 
12-Aug-2021, 0.35 
13-Aug-2021, 0.26 
16-Aug-2021, 0.19 
17-Aug-2021, 0.12 
18-Aug-2021, 0.12 
19-Aug-2021, (0.11)
20-Aug-2021, (0.09)
23-Aug-2021, (0.02)
24-Aug-2021, 0.09 
25-Aug-2021, 0.17 
26-Aug-2021, 0.18 
27-Aug-2021, 0.23 
30-Aug-2021, 0.22 
31-Aug-2021, 0.24 
01-Sep-2021, 0.26 
02-Sep-2021, 0.26 
03-Sep-2021, 0.24 
06-Sep-2021, 0.27 
07-Sep-2021, 0.31 
08-Sep-2021, 0.23 
09-Sep-2021, 0.24 
10-Sep-2021, 0.28 
13-Sep-2021, 0.30 
14-Sep-2021, 0.25 
15-Sep-2021, 0.27 
16-Sep-2021, 0.30 
17-Sep-2021, 0.28 
20-Sep-2021, 0.04 
21-Sep-2021, 0.08 
22-Sep-2021, 0.18 
23-Sep-2021, 0.39 
24-Sep-2021, 0.42 
27-Sep-2021, 0.47 
28-Sep-2021, 0.39 
29-Sep-2021, 0.35 
30-Sep-2021, 0.33 
01-Oct-2021, 0.30 
04-Oct-2021, 0.26 
05-Oct-2021, 0.39 
06-Oct-2021, 0.29 
07-Oct-2021, 0.42 
08-Oct-2021, 0.48 
11-Oct-2021, 0.49 
12-Oct-2021, 0.49 
13-Oct-2021, 0.44 
14-Oct-2021, 0.42 
15-Oct-2021, 0.52 
18-Oct-2021, 0.53 
19-Oct-2021, 0.64 
20-Oct-2021, 0.66 
21-Oct-2021, 0.66 
22-Oct-2021, 0.64 
25-Oct-2021, 0.67 
26-Oct-2021, 0.62 
27-Oct-2021, 0.45 
28-Oct-2021, 0.44 
29-Oct-2021, 0.17 
01-Nov-2021, 0.24 
02-Nov-2021, 0.25 
03-Nov-2021, 0.39 
04-Nov-2021, 0.29 
05-Nov-2021, 0.24 
08-Nov-2021, 0.34 
09-Nov-2021, 0.17 
10-Nov-2021, 0.15 
11-Nov-2021, 0.20 
12-Nov-2021, 0.14 
15-Nov-2021, 0.11 
16-Nov-2021, 0.12 
17-Nov-2021, (0.01)
18-Nov-2021, (0.09)
19-Nov-2021, (0.27)
22-Nov-2021, (0.13)
23-Nov-2021, (0.17)
24-Nov-2021, (0.21)
25-Nov-2021, (0.28)
26-Nov-2021, (1.09)
29-Nov-2021, (0.88)
30-Nov-2021, (1.02)
01-Dec-2021, (1.03)
02-Dec-2021, (0.89)
03-Dec-2021, (1.20)
06-Dec-2021, (1.01)
07-Dec-2021, (0.67)
08-Dec-2021, (0.58)
09-Dec-2021, (0.64)
10-Dec-2021, (0.55)
13-Dec-2021, (0.73)
14-Dec-2021, (0.72)
15-Dec-2021, (0.70)
16-Dec-2021, (0.79)
17-Dec-2021, (0.81)
20-Dec-2021, (0.96)
21-Dec-2021, (0.66)
22-Dec-2021, (0.62)
23-Dec-2021, (0.49)
24-Dec-2021, (0.47)
27-Dec-2021, (0.41)
28-Dec-2021, (0.38)
29-Dec-2021, (0.28)
30-Dec-2021, (0.29)
31-Dec-2021, (0.34)
03-Jan-2022, (0.02)
04-Jan-2022, 0.04 
05-Jan-2022, (0.01)
06-Jan-2022, 0.00 
07-Jan-2022, 0.06 
10-Jan-2022, 0.01 
11-Jan-2022, 0.03 
12-Jan-2022, 0.08 
13-Jan-2022, (0.01)
14-Jan-2022, 0.00 
17-Jan-2022, 0.00 
18-Jan-2022, (0.09)
19-Jan-2022, (0.24)
20-Jan-2022, (0.25)
21-Jan-2022, (0.72)
24-Jan-2022, (1.02)
25-Jan-2022, (0.92)
26-Jan-2022, (0.76)
27-Jan-2022, (0.82)
28-Jan-2022, (0.86)
31-Jan-2022, (0.62)
01-Feb-2022, (0.44)
02-Feb-2022, (0.41)
03-Feb-2022, (0.44)
04-Feb-2022, (0.39)
07-Feb-2022, (0.50)
08-Feb-2022, (0.33)
09-Feb-2022, (0.24)
10-Feb-2022, (0.16)
11-Feb-2022, (0.46)
14-Feb-2022, (0.67)
15-Feb-2022, (0.37)
16-Feb-2022, (0.35)
17-Feb-2022, (0.70)
18-Feb-2022, (0.86)
21-Feb-2022, (0.97)
22-Feb-2022, (0.92)
23-Feb-2022, (1.01)
24-Feb-2022, (1.27)
25-Feb-2022, (0.87)
28-Feb-2022, (1.24)
01-Mar-2022, (1.61)
02-Mar-2022, (1.19)
03-Mar-2022, (1.24)
04-Mar-2022, (1.82)
07-Mar-2022, (1.93)
08-Mar-2022, (1.61)
09-Mar-2022, (1.18)
10-Mar-2022, (1.03)
11-Mar-2022, (0.97)
14-Mar-2022, (0.86)
15-Mar-2022, (0.88)
16-Mar-2022, (0.44)
17-Mar-2022, (0.31)
18-Mar-2022, (0.24)
21-Mar-2022, 0.01 
22-Mar-2022, 0.23 
23-Mar-2022, 0.10 
24-Mar-2022, 0.14 
25-Mar-2022, 0.24 
28-Mar-2022, 0.22 
29-Mar-2022, 0.32 
30-Mar-2022, 0.21 
31-Mar-2022, 0.06 
01-Apr-2022, 0.05 
04-Apr-2022, 0.11 
05-Apr-2022, 0.10 
06-Apr-2022, (0.11)
07-Apr-2022, (0.13)
08-Apr-2022, (0.11)
11-Apr-2022, (0.12)
12-Apr-2022, (0.17)
13-Apr-2022, (0.12)
14-Apr-2022, (0.00)
15-Apr-2022, (0.02)
18-Apr-2022, 0.02 
19-Apr-2022, 0.14 
20-Apr-2022, 0.08 
21-Apr-2022, 0.08 
22-Apr-2022, (0.20)
25-Apr-2022, (0.38)
26-Apr-2022, (0.61)
27-Apr-2022, (0.62)
28-Apr-2022, (0.55)
29-Apr-2022, (0.54)
02-May-2022, (0.50)
03-May-2022, (0.42)
04-May-2022, (0.38)
05-May-2022, (0.41)
06-May-2022, (0.47)
09-May-2022, (0.78)
10-May-2022, (0.81)
11-May-2022, (0.82)
12-May-2022, (0.94)
13-May-2022, (0.69)
16-May-2022, (0.64)
17-May-2022, (0.37)
18-May-2022, (0.55)
19-May-2022, (0.63)
20-May-2022, (0.67)
23-May-2022, (0.53)
24-May-2022, (0.77)
25-May-2022, (0.65)
26-May-2022, (0.46)
27-May-2022, (0.32)
30-May-2022, (0.27)
31-May-2022, (0.19)
01-Jun-2022, (0.13)
02-Jun-2022, (0.11)
03-Jun-2022, (0.14)
06-Jun-2022, (0.05)
07-Jun-2022, (0.12)
08-Jun-2022, (0.07)
09-Jun-2022, (0.17)
10-Jun-2022, (0.34)
13-Jun-2022, (0.63)
14-Jun-2022, (0.64)
15-Jun-2022, (0.56)
16-Jun-2022, (0.80)
17-Jun-2022, (0.76)
20-Jun-2022, (0.68)
21-Jun-2022, (0.51)
22-Jun-2022, (0.67)
23-Jun-2022, (0.80)
24-Jun-2022, (0.67)
27-Jun-2022, (0.58)
28-Jun-2022, (0.62)
29-Jun-2022, (0.81)
30-Jun-2022, (0.97)
01-Jul-2022, (1.01)
04-Jul-2022, (0.98)
05-Jul-2022, (1.08)
06-Jul-2022, (1.02)
07-Jul-2022, (0.79)
08-Jul-2022, (0.66)
11-Jul-2022, (0.77)
12-Jul-2022, (0.80)
13-Jul-2022, (0.81)
14-Jul-2022, (0.83)
15-Jul-2022, (0.80)
18-Jul-2022, (0.66)
19-Jul-2022, (0.53)
20-Jul-2022, (0.41)
21-Jul-2022, (0.45)
22-Jul-2022, (0.56)
25-Jul-2022, (0.56)
26-Jul-2022, (0.66)
27-Jul-2022, (0.63)
28-Jul-2022, (0.62)
29-Jul-2022, (0.51)
01-Aug-2022, (0.50)
02-Aug-2022, (0.47)
03-Aug-2022, (0.34)
04-Aug-2022, (0.35)
05-Aug-2022, (0.21)
08-Aug-2022, (0.20)
09-Aug-2022, (0.21)
10-Aug-2022, (0.17)
11-Aug-2022, (0.07)
12-Aug-2022, (0.09)
15-Aug-2022, (0.15)
16-Aug-2022, (0.10)
17-Aug-2022, (0.12)
18-Aug-2022, (0.15)
19-Aug-2022, (0.19)
22-Aug-2022, (0.29)
23-Aug-2022, (0.27)
24-Aug-2022, (0.24)
25-Aug-2022, (0.24)
26-Aug-2022, (0.30)
29-Aug-2022, (0.30)
30-Aug-2022, (0.31)
31-Aug-2022, (0.33)
01-Sep-2022, (0.37)
02-Sep-2022, (0.34)
05-Sep-2022, (0.36)
06-Sep-2022, (0.32)
07-Sep-2022, (0.31)
08-Sep-2022, (0.19)
09-Sep-2022, (0.13)
12-Sep-2022, (0.09)
13-Sep-2022, (0.11)
14-Sep-2022, (0.14)
15-Sep-2022, (0.13)
16-Sep-2022, (0.20)
19-Sep-2022, (0.14)
20-Sep-2022, (0.11)
21-Sep-2022, (0.15)
22-Sep-2022, (0.12)
23-Sep-2022, (0.30)
26-Sep-2022, (0.42)
27-Sep-2022, (0.37)
28-Sep-2022, (0.50)
29-Sep-2022, (0.52)
30-Sep-2022, (0.45)
03-Oct-2022, (0.47)
04-Oct-2022, (0.35)
05-Oct-2022, (0.30)
06-Oct-2022, (0.25)
07-Oct-2022, (0.27)
10-Oct-2022, (0.21)
11-Oct-2022, (0.36)
12-Oct-2022, (0.40)
13-Oct-2022, (0.34)
14-Oct-2022, (0.30)
17-Oct-2022, (0.27)
18-Oct-2022, (0.19)
19-Oct-2022, (0.09)
20-Oct-2022, (0.06)
21-Oct-2022, (0.04)
24-Oct-2022, (0.07)
25-Oct-2022, (0.07)
26-Oct-2022, (0.04)
27-Oct-2022, (0.01)
28-Oct-2022, 0.06 
31-Oct-2022, 0.06 
01-Nov-2022, 0.13 
02-Nov-2022, 0.07 
03-Nov-2022, 0.09 
04-Nov-2022, 0.15 
07-Nov-2022, 0.21 
08-Nov-2022, 0.10 
09-Nov-2022, 0.04 
10-Nov-2022, 0.08 
11-Nov-2022, 0.20 
14-Nov-2022, 0.22 
15-Nov-2022, 0.29 
16-Nov-2022, 0.15 
17-Nov-2022, 0.13 
18-Nov-2022, 0.17 
21-Nov-2022, 0.13 
22-Nov-2022, 0.08 
23-Nov-2022, 0.14 
24-Nov-2022, 0.14 
25-Nov-2022, 0.08 
28-Nov-2022, 0.02 
29-Nov-2022, 0.11 
30-Nov-2022, 0.10 
01-Dec-2022, 0.08 
02-Dec-2022, 0.13 
05-Dec-2022, 0.13 
06-Dec-2022, 0.01 
07-Dec-2022, (0.07)
08-Dec-2022, (0.05)
09-Dec-2022, (0.06)
12-Dec-2022, (0.12)
13-Dec-2022, (0.04)
14-Dec-2022, (0.03)
15-Dec-2022, (0.08)
16-Dec-2022, (0.10)
19-Dec-2022, (0.06)
20-Dec-2022, (0.06)
21-Dec-2022, (0.04)
22-Dec-2022, (0.07)
23-Dec-2022, 0.02 
26-Dec-2022, 0.02 
27-Dec-2022, 0.05 
28-Dec-2022, 0.01 
29-Dec-2022, 0.02 
30-Dec-2022, 0.02 
02-Jan-2023, (0.00)
03-Jan-2023, 0.01 
04-Jan-2023, 0.18 
05-Jan-2023, 0.23 
06-Jan-2023, 0.22 
09-Jan-2023, 0.28 
10-Jan-2023, 0.36 
11-Jan-2023, 0.35 
12-Jan-2023, 0.39 
13-Jan-2023, 0.45 
16-Jan-2023, 0.46 
17-Jan-2023, 0.46 
18-Jan-2023, 0.45 
19-Jan-2023, 0.37 
20-Jan-2023, 0.45 
23-Jan-2023, 0.51 
24-Jan-2023, 0.48 
25-Jan-2023, 0.47 
26-Jan-2023, 0.55 
27-Jan-2023, 0.58 
30-Jan-2023, 0.52 
31-Jan-2023, 0.50 
01-Feb-2023, 0.55 
02-Feb-2023, 0.65 
03-Feb-2023, 0.72 
06-Feb-2023, 0.65 
07-Feb-2023, 0.67 
08-Feb-2023, 0.68 
09-Feb-2023, 0.70 
10-Feb-2023, 0.59 
13-Feb-2023, 0.62 
14-Feb-2023, 0.73 
15-Feb-2023, 0.70 
16-Feb-2023, 0.71 
17-Feb-2023, 0.65 
20-Feb-2023, 0.64 
21-Feb-2023, 0.56 
22-Feb-2023, 0.51 
23-Feb-2023, 0.54 
24-Feb-2023, 0.55 
27-Feb-2023, 0.59 
28-Feb-2023, 0.61 
01-Mar-2023, 0.69 
02-Mar-2023, 0.69 
03-Mar-2023, 0.75 
06-Mar-2023, 0.76 
07-Mar-2023, 0.70 
08-Mar-2023, 0.71 
09-Mar-2023, 0.53 
10-Mar-2023, 0.11 
13-Mar-2023, (0.30)
14-Mar-2023, (0.12)
15-Mar-2023, (0.62)
16-Mar-2023, (0.41)
17-Mar-2023, (0.60)
20-Mar-2023, (0.53)
21-Mar-2023, (0.18)
22-Mar-2023, (0.16)
23-Mar-2023, (0.28)
24-Mar-2023, (0.42)
27-Mar-2023, (0.23)
28-Mar-2023, (0.17)
29-Mar-2023, (0.04)
30-Mar-2023, 0.03 
31-Mar-2023, 0.07 
03-Apr-2023, 0.04 
04-Apr-2023, (0.07)
05-Apr-2023, (0.23)
06-Apr-2023, (0.25)
07-Apr-2023, (0.26)
10-Apr-2023, (0.18)
11-Apr-2023, (0.11)
12-Apr-2023, (0.11)
13-Apr-2023, (0.04)
14-Apr-2023, 0.07 
17-Apr-2023, 0.16 
18-Apr-2023, 0.17 
19-Apr-2023, 0.20 
20-Apr-2023, 0.05 
21-Apr-2023, 0.06 
24-Apr-2023, 0.02 
25-Apr-2023, (0.19)
26-Apr-2023, (0.18)
27-Apr-2023, (0.10)
28-Apr-2023, (0.11)
01-May-2023, (0.04)
02-May-2023, (0.22)
03-May-2023, (0.27)
04-May-2023, (0.39)
05-May-2023, (0.20)
08-May-2023, (0.13)
09-May-2023, (0.16)
10-May-2023, (0.21)
11-May-2023, (0.26)
12-May-2023, (0.23)
15-May-2023, (0.12)
16-May-2023, (0.11)
17-May-2023, (0.01)
18-May-2023, 0.08 
19-May-2023, 0.13 
22-May-2023, 0.20 
23-May-2023, 0.19 
24-May-2023, 0.04 
25-May-2023, 0.12 
26-May-2023, 0.17 
29-May-2023, 0.16 
30-May-2023, 0.14 
31-May-2023, (0.05)
01-Jun-2023, 0.07 
02-Jun-2023, 0.37 
05-Jun-2023, 0.35 
06-Jun-2023, 0.37 
07-Jun-2023, 0.49 
08-Jun-2023, 0.44 
09-Jun-2023, 0.50 
12-Jun-2023, 0.52 
13-Jun-2023, 0.67 
14-Jun-2023, 0.69 
15-Jun-2023, 0.70 
16-Jun-2023, 0.82 
19-Jun-2023, 0.80 
20-Jun-2023, 0.70 
21-Jun-2023, 0.67 
22-Jun-2023, 0.64 
23-Jun-2023, 0.49 
26-Jun-2023, 0.43 
27-Jun-2023, 0.53 
28-Jun-2023, 0.50 
29-Jun-2023, 0.59 
30-Jun-2023, 0.59 
03-Jul-2023, 0.67 
04-Jul-2023, 0.67 
05-Jul-2023, 0.63 
06-Jul-2023, 0.53 
07-Jul-2023, 0.58 
10-Jul-2023, 0.55 
11-Jul-2023, 0.56 
12-Jul-2023, 0.57 
13-Jul-2023, 0.62 
14-Jul-2023, 0.65 
17-Jul-2023, 0.63 
18-Jul-2023, 0.64 
19-Jul-2023, 0.60 
20-Jul-2023, 0.63 
21-Jul-2023, 0.62 
24-Jul-2023, 0.65 
25-Jul-2023, 0.68 
26-Jul-2023, 0.64 
27-Jul-2023, 0.72 
28-Jul-2023, 0.71 
31-Jul-2023, 0.72 
01-Aug-2023, 0.74 
02-Aug-2023, 0.54 
03-Aug-2023, 0.55 
04-Aug-2023, 0.47 
07-Aug-2023, 0.53 
08-Aug-2023, 0.43 
09-Aug-2023, 0.50 
10-Aug-2023, 0.62 
11-Aug-2023, 0.68 
14-Aug-2023, 0.68 
15-Aug-2023, 0.63 
16-Aug-2023, 0.62 
17-Aug-2023, 0.55 
18-Aug-2023, 0.49 
21-Aug-2023, 0.61 
22-Aug-2023, 0.61 
23-Aug-2023, 0.54 
24-Aug-2023, 0.58 
25-Aug-2023, 0.59 
28-Aug-2023, 0.61 
29-Aug-2023, 0.57 
30-Aug-2023, 0.61 
31-Aug-2023, 0.59 
01-Sep-2023, 0.70 
04-Sep-2023, 0.71 
05-Sep-2023, 0.73 
06-Sep-2023, 0.68 
07-Sep-2023, 0.57 
08-Sep-2023, 0.54 
11-Sep-2023, 0.57 
12-Sep-2023, 0.58 
13-Sep-2023, 0.57 
14-Sep-2023, 0.64 
15-Sep-2023, 0.72 
18-Sep-2023, 0.69 
19-Sep-2023, 0.72 
20-Sep-2023, 0.71 
21-Sep-2023, 0.65 
22-Sep-2023, 0.55 
25-Sep-2023, 0.60 
26-Sep-2023, 0.46 
27-Sep-2023, 0.51 
28-Sep-2023, 0.56 
29-Sep-2023, 0.57 
02-Oct-2023, 0.59 
03-Oct-2023, 0.49 
04-Oct-2023, 0.38 
05-Oct-2023, 0.35 
06-Oct-2023, 0.39 
09-Oct-2023, 0.17 
10-Oct-2023, 0.31 
11-Oct-2023, 0.29 
12-Oct-2023, 0.33 
13-Oct-2023, 0.05 
16-Oct-2023, 0.22 
17-Oct-2023, 0.24 
18-Oct-2023, 0.14 
19-Oct-2023, 0.00 
20-Oct-2023, (0.16)
23-Oct-2023, (0.11)
24-Oct-2023, (0.06)
25-Oct-2023, (0.03)
26-Oct-2023, (0.05)
27-Oct-2023, (0.00)
30-Oct-2023, 0.09 
31-Oct-2023, 0.17 
01-Nov-2023, 0.15 
02-Nov-2023, 0.31 
03-Nov-2023, 0.39 
06-Nov-2023, 0.45 
07-Nov-2023, 0.37 
08-Nov-2023, 0.29 
09-Nov-2023, 0.34 
10-Nov-2023, 0.33 
13-Nov-2023, 0.35 
14-Nov-2023, 0.37 
15-Nov-2023, 0.50 
16-Nov-2023, 0.40 
17-Nov-2023, 0.54 
20-Nov-2023, 0.64 
21-Nov-2023, 0.56 
22-Nov-2023, 0.57 
23-Nov-2023, 0.57 
24-Nov-2023, 0.60 
27-Nov-2023, 0.48 
28-Nov-2023, 0.43 
29-Nov-2023, 0.44 
30-Nov-2023, 0.46 
01-Dec-2023, 0.49 
04-Dec-2023, 0.53 
05-Dec-2023, 0.45 
06-Dec-2023, 0.46 
07-Dec-2023, 0.46 
08-Dec-2023, 0.54 
11-Dec-2023, 0.51 
12-Dec-2023, 0.46 
13-Dec-2023, 0.36 
14-Dec-2023, 0.48 
15-Dec-2023, 0.45 
18-Dec-2023, 0.50 
19-Dec-2023, 0.54 
20-Dec-2023, 0.47 
21-Dec-2023, 0.42 
22-Dec-2023, 0.47 
25-Dec-2023, 0.48 
26-Dec-2023, 0.50 
27-Dec-2023, 0.37 
28-Dec-2023, 0.38 
29-Dec-2023, 0.40 
01-Jan-2024, 0.39 
02-Jan-2024, 0.39 
03-Jan-2024, 0.23 
04-Jan-2024, 0.28 
05-Jan-2024, 0.34 
08-Jan-2024, 0.30 
09-Jan-2024, 0.33 
10-Jan-2024, 0.37 
11-Jan-2024, 0.35 
12-Jan-2024, 0.27 
15-Jan-2024, 0.29 
16-Jan-2024, 0.27 
17-Jan-2024, 0.28 
18-Jan-2024, 0.43 
19-Jan-2024, 0.51 
22-Jan-2024, 0.51 
23-Jan-2024, 0.60 
24-Jan-2024, 0.62 
25-Jan-2024, 0.58 
26-Jan-2024, 0.61 
29-Jan-2024, 0.56 
30-Jan-2024, 0.53 
31-Jan-2024, 0.32 
01-Feb-2024, 0.21 
02-Feb-2024, 0.37 
05-Feb-2024, 0.46 
06-Feb-2024, 0.45 
07-Feb-2024, 0.47 
08-Feb-2024, 0.54 
09-Feb-2024, 0.55 
12-Feb-2024, 0.60 
13-Feb-2024, 0.58 
14-Feb-2024, 0.67 
15-Feb-2024, 0.74 
16-Feb-2024, 0.83 
19-Feb-2024, 0.82 
20-Feb-2024, 0.75 
21-Feb-2024, 0.75 
22-Feb-2024, 0.80 
23-Feb-2024, 0.76 
26-Feb-2024, 0.76 
27-Feb-2024, 0.77 
28-Feb-2024, 0.74 
29-Feb-2024, 0.68 
01-Mar-2024, 0.65 
04-Mar-2024, 0.70 
05-Mar-2024, 0.58 
06-Mar-2024, 0.60 
07-Mar-2024, 0.62 
08-Mar-2024, 0.62 
11-Mar-2024, 0.58 
12-Mar-2024, 0.71 
13-Mar-2024, 0.80 
14-Mar-2024, 0.82 
15-Mar-2024, 0.83 
18-Mar-2024, 0.85 
19-Mar-2024, 0.82 
20-Mar-2024, 0.83 
21-Mar-2024, 0.79 
22-Mar-2024, 0.64 
25-Mar-2024, 0.69 
26-Mar-2024, 0.67 
27-Mar-2024, 0.61 
28-Mar-2024, 0.59 
29-Mar-2024, 0.59 
01-Apr-2024, 0.63 
02-Apr-2024, 0.67 
03-Apr-2024, 0.67 
04-Apr-2024, 0.59 
05-Apr-2024, 0.59 
08-Apr-2024, 0.70 
09-Apr-2024, 0.63 
10-Apr-2024, 0.71 
11-Apr-2024, 0.74 
12-Apr-2024, 0.46 
15-Apr-2024, 0.50 
16-Apr-2024, 0.44 
17-Apr-2024, 0.41 
18-Apr-2024, 0.48 
19-Apr-2024, 0.41 
22-Apr-2024, 0.57 
23-Apr-2024, 0.67 
24-Apr-2024, 0.73 
25-Apr-2024, 0.76 
26-Apr-2024, 0.80 
29-Apr-2024, 0.81 
30-Apr-2024, 0.82 
01-May-2024, 0.78 
02-May-2024, 0.79 
03-May-2024, 0.76 
06-May-2024, 0.78 
07-May-2024, 0.70 
08-May-2024, 0.77 
09-May-2024, 0.76 
10-May-2024, 0.79 
13-May-2024, 0.77 
14-May-2024, 0.80 
15-May-2024, 0.76 
16-May-2024, 0.76 
17-May-2024, 0.86 
20-May-2024, 0.87 
21-May-2024, 0.77 
22-May-2024, 0.76 
23-May-2024, 0.79 
24-May-2024, 0.78 
27-May-2024, 0.74 
28-May-2024, 0.81 
29-May-2024, 0.80 
30-May-2024, 0.70 
31-May-2024, 0.62 
03-Jun-2024, 0.60 
04-Jun-2024, 0.42 
05-Jun-2024, 0.42 
06-Jun-2024, 0.48 
07-Jun-2024, 0.56 
10-Jun-2024, 0.55 
11-Jun-2024, 0.41 
12-Jun-2024, 0.41 
13-Jun-2024, 0.20 
14-Jun-2024, (0.03)
17-Jun-2024, 0.05 
18-Jun-2024, 0.13 
19-Jun-2024, 0.14 
20-Jun-2024, 0.16 
21-Jun-2024, 0.17 
24-Jun-2024, 0.23 
25-Jun-2024, 0.21 
26-Jun-2024, 0.28 
27-Jun-2024, 0.24 
28-Jun-2024, 0.35 
01-Jul-2024, 0.48 
02-Jul-2024, 0.45 
03-Jul-2024, 0.43 
04-Jul-2024, 0.48 
05-Jul-2024, 0.41 
08-Jul-2024, 0.48 
09-Jul-2024, 0.52 
10-Jul-2024, 0.49 
11-Jul-2024, 0.45 
12-Jul-2024, 0.49 
15-Jul-2024, 0.53 
16-Jul-2024, 0.46 
17-Jul-2024, 0.37 
18-Jul-2024, 0.30 
19-Jul-2024, 0.27 
22-Jul-2024, 0.33 
23-Jul-2024, 0.31 
24-Jul-2024, 0.14 
25-Jul-2024, 0.04 
26-Jul-2024, 0.07 
29-Jul-2024, 0.06 
30-Jul-2024, 0.00 
31-Jul-2024, (0.09)
01-Aug-2024, (0.32)
02-Aug-2024, (0.94)
05-Aug-2024, (1.52)
06-Aug-2024, (1.06)
07-Aug-2024, (0.85)
08-Aug-2024, (0.75)
09-Aug-2024, (0.70)
12-Aug-2024, (0.67)
13-Aug-2024, (0.61)
14-Aug-2024, (0.53)
15-Aug-2024, (0.24)
16-Aug-2024, (0.20)
19-Aug-2024, (0.16)
20-Aug-2024, (0.32)
21-Aug-2024, (0.37)
22-Aug-2024, (0.37)
23-Aug-2024, (0.33)
26-Aug-2024, (0.33)
27-Aug-2024, (0.32)
28-Aug-2024, (0.35)
29-Aug-2024, (0.27)
30-Aug-2024, (0.23)
02-Sep-2024, (0.21)
03-Sep-2024, (0.52)
04-Sep-2024, (0.69)
05-Sep-2024, (0.63)
06-Sep-2024, (0.79)
09-Sep-2024, (0.68)
10-Sep-2024, (0.73)
11-Sep-2024, (0.68)
12-Sep-2024, (0.56)
13-Sep-2024, (0.50)
16-Sep-2024, (0.52)
17-Sep-2024, (0.42)
18-Sep-2024, (0.39)
19-Sep-2024, (0.25)
20-Sep-2024, (0.22)
23-Sep-2024, (0.23)
24-Sep-2024, (0.21)
25-Sep-2024, (0.17)
26-Sep-2024, (0.05)
27-Sep-2024, (0.13)
30-Sep-2024, (0.08)
01-Oct-2024, (0.27)
02-Oct-2024, (0.14)
03-Oct-2024, (0.18)
04-Oct-2024, 0.02 
07-Oct-2024, 0.01 
08-Oct-2024, (0.00)
09-Oct-2024, 0.04 
10-Oct-2024, 0.11 
11-Oct-2024, 0.19 
14-Oct-2024, 0.29 
15-Oct-2024, 0.16 
16-Oct-2024, 0.11 
17-Oct-2024, 0.22 
18-Oct-2024, 0.31 
21-Oct-2024, 0.37 
22-Oct-2024, 0.38 
23-Oct-2024, 0.37 
24-Oct-2024, 0.34 
25-Oct-2024, 0.32 
28-Oct-2024, 0.37 
29-Oct-2024, 0.39 
30-Oct-2024, 0.38 
31-Oct-2024, 0.23 
01-Nov-2024, 0.35 
04-Nov-2024, 0.29 
05-Nov-2024, 0.40 
06-Nov-2024, 0.68 
07-Nov-2024, 0.73 
08-Nov-2024, 0.59 
11-Nov-2024, 0.66 
12-Nov-2024, 0.69 
13-Nov-2024, 0.73 
14-Nov-2024, 0.70 
15-Nov-2024, 0.71 
18-Nov-2024, 0.70 
19-Nov-2024, 0.61 
20-Nov-2024, 0.55 
21-Nov-2024, 0.53 
22-Nov-2024, 0.52 
25-Nov-2024, 0.40 
26-Nov-2024, 0.34 
27-Nov-2024, 0.23 
28-Nov-2024, 0.20 
29-Nov-2024, 0.16 
02-Dec-2024, 0.11 
03-Dec-2024, 0.22 
04-Dec-2024, 0.26 
05-Dec-2024, 0.37 
06-Dec-2024, 0.42 
09-Dec-2024, 0.52 
10-Dec-2024, 0.52 
11-Dec-2024, 0.57 
12-Dec-2024, 0.62 
13-Dec-2024, 0.64 
16-Dec-2024, 0.64 
17-Dec-2024, 0.52 
18-Dec-2024, 0.44 
19-Dec-2024, 0.48 
20-Dec-2024, 0.53 
23-Dec-2024, 0.58 
24-Dec-2024, 0.56 
25-Dec-2024, 0.55 
26-Dec-2024, 0.58 
27-Dec-2024, 0.70 
30-Dec-2024, 0.59 
31-Dec-2024, 0.57 
01-Jan-2025, 0.58 
02-Jan-2025, 0.62 
03-Jan-2025, 0.75 
06-Jan-2025, 0.91 
07-Jan-2025, 0.92 
08-Jan-2025, 0.81 
09-Jan-2025, 0.77 
10-Jan-2025, 0.71 
13-Jan-2025, 0.55 
14-Jan-2025, 0.67 
15-Jan-2025, 0.71 
16-Jan-2025, 0.64 
17-Jan-2025, 0.70 
20-Jan-2025, 0.72 
21-Jan-2025, 0.68 
22-Jan-2025, 0.74 
23-Jan-2025, 0.81 
24-Jan-2025, 0.85 
27-Jan-2025, 0.56 
