Date,FEZ US Equity  (R1),SPX Index  (L1)
2/24/2014,42.32,1847.61
2/25/2014,42.37,1845.12
2/26/2014,42.14,1845.16
2/27/2014,42.22,1854.29
2/28/2014,42.36,1859.45
3/3/2014,41.12,1845.73
3/4/2014,42.12,1873.91
3/5/2014,42.19,1873.81
3/6/2014,42.63,1877.03
3/7/2014,42.29,1878.04
3/10/2014,42.14,1877.17
3/11/2014,41.88,1867.63
3/12/2014,41.82,1868.2
3/13/2014,40.72,1846.34
3/14/2014,40.88,1841.13
3/17/2014,41.57,1858.83
3/18/2014,41.97,1872.25
3/19/2014,41.39,1860.77
3/20/2014,41.65,1872.01
3/21/2014,41.43,1866.52
3/24/2014,41.43,1857.44
3/25/2014,42.02,1865.62
3/26/2014,42.03,1852.56
3/27/2014,42.11,1849.04
3/28/2014,42.59,1857.62
3/31/2014,42.66,1872.34
4/1/2014,43.09,1885.52
4/2/2014,43,1890.9
4/3/2014,43.05,1888.77
4/4/2014,42.96,1865.09
4/7/2014,42.76,1845.04
4/8/2014,42.8,1851.96
4/9/2014,43.35,1872.18
4/10/2014,42.39,1833.08
4/11/2014,42.19,1815.69
4/14/2014,42.42,1830.61
4/15/2014,42.16,1842.98
4/16/2014,42.71,1862.31
4/17/2014,42.91,1864.85
4/21/2014,43,1871.89
4/22/2014,43.37,1879.55
4/23/2014,43.2,1875.39
4/24/2014,43.17,1878.61
4/25/2014,42.79,1863.4
4/28/2014,43.06,1869.43
4/29/2014,43.41,1878.33
4/30/2014,43.68,1883.95
5/1/2014,43.77,1883.68
5/2/2014,43.45,1881.14
5/5/2014,43.5,1884.66
5/6/2014,43.25,1867.72
5/7/2014,43.59,1878.21
5/8/2014,43.69,1875.63
5/9/2014,43.4,1878.48
5/12/2014,43.84,1896.65
5/13/2014,43.67,1897.45
5/14/2014,43.63,1888.53
5/15/2014,43.12,1870.85
5/16/2014,43.28,1877.86
5/19/2014,43.29,1885.08
5/20/2014,43.03,1872.83
5/21/2014,43.44,1888.03
5/22/2014,43.32,1892.49
5/23/2014,43.54,1900.53
5/27/2014,44.08,1911.91
5/28/2014,43.95,1909.78
5/29/2014,44.09,1920.03
5/30/2014,44.26,1923.57
6/2/2014,44.2,1924.97
6/3/2014,44.02,1924.24
6/4/2014,44.01,1927.88
6/5/2014,44.65,1940.46
6/6/2014,45.05,1949.44
6/9/2014,44.95,1951.27
6/10/2014,44.87,1950.79
6/11/2014,44.45,1943.89
6/12/2014,44.37,1930.11
6/13/2014,44.3,1936.16
6/16/2014,44.27,1937.78
6/17/2014,44.32,1941.99
6/18/2014,44.85,1956.98
6/19/2014,45.11,1959.48
6/20/2014,43.97,1962.87
6/23/2014,43.82,1962.61
6/24/2014,43.55,1949.98
6/25/2014,43.5,1959.53
6/26/2014,43.25,1957.22
6/27/2014,43.31,1960.96
6/30/2014,43.27,1960.23
7/1/2014,43.62,1973.32
7/2/2014,43.52,1974.62
7/3/2014,43.81,1985.44
7/7/2014,43.15,1977.65
7/8/2014,42.53,1963.71
7/9/2014,42.87,1972.83
7/10/2014,42.19,1964.68
7/11/2014,42.16,1967.57
7/14/2014,42.42,1977.1
7/15/2014,42.08,1973.28
7/16/2014,42.44,1981.57
7/17/2014,41.57,1958.12
7/18/2014,42.06,1978.22
7/21/2014,41.71,1973.63
7/22/2014,42,1983.53
7/23/2014,42.09,1987.01
7/24/2014,42.44,1987.98
7/25/2014,41.92,1978.34
7/28/2014,41.85,1978.91
7/29/2014,41.79,1969.95
7/30/2014,41.73,1970.07
7/31/2014,40.76,1930.67
8/1/2014,40.37,1925.15
8/4/2014,40.58,1938.99
8/5/2014,39.85,1920.21
8/6/2014,39.85,1920.24
8/7/2014,39.26,1909.57
8/8/2014,39.84,1931.59
8/11/2014,39.81,1936.92
8/12/2014,39.61,1933.75
8/13/2014,39.93,1946.72
8/14/2014,40.15,1955.18
8/15/2014,39.96,1955.06
8/18/2014,40.26,1971.74
8/19/2014,40.36,1981.6
8/20/2014,40.09,1986.51
8/21/2014,40.58,1992.37
8/22/2014,40.21,1988.4
8/25/2014,40.8,1997.92
8/26/2014,41.12,2000.02
8/27/2014,41.2,2000.12
8/28/2014,40.88,1996.74
8/29/2014,40.86,2003.37
9/2/2014,40.87,2002.28
9/3/2014,41.34,2000.72
9/4/2014,41.47,1997.65
9/5/2014,41.69,2007.71
9/8/2014,41.17,2001.54
9/9/2014,41.07,1988.44
9/10/2014,41.16,1995.69
9/11/2014,41.01,1997.45
9/12/2014,40.95,1985.54
9/15/2014,40.99,1984.13
9/16/2014,41.1,1998.98
9/17/2014,40.93,2001.57
9/18/2014,41.28,2011.36
9/19/2014,41,2010.4
9/22/2014,40.88,1994.29
9/23/2014,40.27,1982.77
9/24/2014,40.65,1998.3
9/25/2014,39.86,1965.99
9/26/2014,40.13,1982.85
9/29/2014,39.64,1977.8
9/30/2014,39.7,1972.29
10/1/2014,39.28,1946.16
10/2/2014,38.7,1946.17
10/3/2014,38.56,1967.9
10/6/2014,38.71,1964.82
10/7/2014,37.82,1935.1
10/8/2014,38.58,1968.89
10/9/2014,37.37,1928.21
10/10/2014,36.79,1906.13
10/13/2014,36.86,1874.74
10/14/2014,37.01,1877.7
10/15/2014,36.49,1862.49
10/16/2014,35.94,1862.76
10/17/2014,36.76,1886.76
10/20/2014,36.88,1904.01
10/21/2014,37.44,1941.28
10/22/2014,36.88,1927.11
10/23/2014,37.58,1950.82
10/24/2014,37.76,1964.58
10/27/2014,37.4,1961.63
10/28/2014,38.04,1985.05
10/29/2014,37.4,1982.3
10/30/2014,37.59,1994.65
10/31/2014,38.27,2018.05
11/3/2014,37.81,2017.81
11/4/2014,37.51,2012.1
11/5/2014,37.73,2023.57
11/6/2014,37.7,2031.21
11/7/2014,37.43,2031.92
11/10/2014,37.67,2038.26
11/11/2014,37.92,2039.68
11/12/2014,37.27,2038.25
11/13/2014,37.45,2039.33
11/14/2014,37.51,2039.82
11/17/2014,37.7,2041.32
11/18/2014,38.43,2051.8
11/19/2014,38.44,2048.72
11/20/2014,38.15,2052.75
11/21/2014,38.755,2063.5
11/24/2014,39.27,2069.41
11/25/2014,39.53,2067.03
11/26/2014,39.7,2072.83
11/28/2014,39.62,2067.56
12/1/2014,39.555,2053.44
12/2/2014,39.45,2066.55
12/3/2014,39.31,2074.33
12/4/2014,39.01,2071.92
12/5/2014,39.49,2075.37
12/8/2014,39.09,2060.31
12/9/2014,38.75,2059.82
12/10/2014,38.26,2026.14
12/11/2014,38.18,2035.33
12/12/2014,37.21,2002.33
12/15/2014,36.46,1989.63
12/16/2014,36.83,1972.74
12/17/2014,37.4,2012.89
12/18/2014,38.24,2061.23
12/19/2014,37.53,2070.65
12/22/2014,37.77,2078.54
12/23/2014,37.88,2082.17
12/24/2014,38.03,2081.88
12/26/2014,38.07,2088.77
12/29/2014,37.77,2090.57
12/30/2014,37.18,2080.35
12/31/2014,36.86,2058.9
1/2/2015,36.83,2058.2
1/5/2015,35.26,2020.58
1/6/2015,34.86,2002.61
1/7/2015,35.27,2025.9
1/8/2015,35.8,2062.14
1/9/2015,35.26,2044.81
1/12/2015,35.44,2028.26
1/13/2015,35.61,2023.03
1/14/2015,35.72,2011.27
1/15/2015,35.63,1992.67
1/16/2015,36.4,2019.42
1/20/2015,36.71,2022.55
1/21/2015,37.07,2032.12
1/22/2015,37.22,2063.15
1/23/2015,36.94,2051.82
1/26/2015,37.63,2057.09
1/27/2015,37.51,2029.55
1/28/2015,36.6,2002.16
1/29/2015,37.6,2021.25
1/30/2015,36.89,1994.99
2/2/2015,37.55,2020.85
2/3/2015,38.47,2050.03
2/4/2015,37.65,2041.51
2/5/2015,38.28,2062.52
2/6/2015,37.35,2055.47
2/9/2015,37.03,2046.74
2/10/2015,37.56,2068.59
2/11/2015,37.32,2068.53
2/12/2015,38.33,2088.48
2/13/2015,38.5,2096.99
2/17/2015,38.58,2100.34
2/18/2015,38.62,2099.68
2/19/2015,38.62,2097.45
2/20/2015,39.21,2110.3
2/23/2015,38.94,2109.66
2/24/2015,39.39,2115.48
2/25/2015,39.34,2113.86
2/26/2015,39.11,2110.74
2/27/2015,39.26,2104.5
3/2/2015,39.34,2117.39
3/3/2015,38.96,2107.78
3/4/2015,38.88,2098.53
3/5/2015,38.99,2101.04
3/6/2015,38.18,2071.26
3/9/2015,38.34,2079.43
3/10/2015,37.38,2044.16
3/11/2015,37.65,2040.24
3/12/2015,37.94,2065.95
3/13/2015,37.67,2053.4
3/16/2015,38.33,2081.19
3/17/2015,38.16,2074.28
3/18/2015,38.77,2099.5
3/19/2015,38.19,2089.27
3/20/2015,39.29,2108.1
3/23/2015,39.47,2104.42
3/24/2015,39.67,2091.5
3/25/2015,39.39,2061.05
3/26/2015,39.05,2056.15
3/27/2015,39.24,2061.02
3/30/2015,39.38,2086.24
3/31/2015,38.82,2067.89
4/1/2015,39.16,2059.69
4/2/2015,39.57,2066.96
4/6/2015,39.99,2080.62
4/7/2015,39.74,2076.33
4/8/2015,39.63,2081.9
4/9/2015,39.53,2091.18
4/10/2015,39.63,2102.06
4/13/2015,39.4,2092.43
4/14/2015,39.55,2095.84
4/15/2015,39.68,2106.63
4/16/2015,39.54,2104.99
4/17/2015,38.85,2081.18
4/20/2015,38.98,2100.4
4/21/2015,39.16,2097.29
4/22/2015,39.25,2107.96
4/23/2015,39.36,2112.93
4/24/2015,39.54,2117.69
4/27/2015,40.08,2108.92
4/28/2015,40.07,2114.76
4/29/2015,39.52,2106.85
4/30/2015,39.62,2085.51
5/1/2015,39.99,2108.29
5/4/2015,39.82,2114.49
5/5/2015,39.06,2089.46
5/6/2015,39.59,2080.15
5/7/2015,39.4,2088
5/8/2015,40.33,2116.1
5/11/2015,39.82,2105.33
5/12/2015,39.66,2099.12
5/13/2015,39.76,2098.48
5/14/2015,40.61,2121.1
5/15/2015,40.6,2122.73
5/18/2015,40.36,2129.2
5/19/2015,40.44,2127.83
5/20/2015,40.56,2125.85
5/21/2015,40.71,2130.82
5/22/2015,40.27,2126.06
5/26/2015,39.23,2104.2
5/27/2015,39.85,2123.48
5/28/2015,39.77,2120.79
5/29/2015,39.03,2107.39
6/1/2015,38.99,2111.73
6/2/2015,39.39,2109.6
6/3/2015,39.99,2114.07
6/4/2015,39.4,2095.84
6/5/2015,38.8,2092.83
6/8/2015,38.72,2079.28
6/9/2015,38.57,2080.15
6/10/2015,39.67,2105.2
6/11/2015,39.79,2108.86
6/12/2015,39.23,2094.11
6/15/2015,38.72,2084.43
6/16/2015,38.64,2096.29
6/17/2015,38.46,2100.44
6/18/2015,39.17,2121.24
6/19/2015,38.17,2109.99
6/22/2015,39.64,2122.85
6/23/2015,39.55,2124.2
6/24/2015,39.22,2108.58
6/25/2015,39.29,2102.31
6/26/2015,39.45,2101.49
6/29/2015,37.67,2057.64
6/30/2015,37.43,2063.11
7/1/2015,37.66,2077.42
7/2/2015,37.51,2076.78
7/6/2015,36.14,2068.76
7/7/2015,36.23,2081.34
7/8/2015,35.77,2046.68
7/9/2015,36.62,2051.31
7/10/2015,38.63,2076.62
7/13/2015,38.57,2099.6
7/14/2015,38.83,2108.95
7/15/2015,38.7,2107.4
7/16/2015,39.09,2124.29
7/17/2015,38.92,2126.64
7/20/2015,39.03,2128.28
7/21/2015,38.96,2119.21
7/22/2015,38.8,2114.15
7/23/2015,38.78,2102.15
7/24/2015,38.38,2079.65
7/27/2015,38.01,2067.64
7/28/2015,38.43,2093.25
7/29/2015,38.46,2108.57
7/30/2015,38.3,2108.63
7/31/2015,38.58,2103.84
8/3/2015,38.76,2098.04
8/4/2015,38.53,2093.32
8/5/2015,38.99,2099.84
8/6/2015,39.07,2083.56
8/7/2015,39.03,2077.57
8/10/2015,39.59,2104.18
8/11/2015,38.96,2084.07
8/12/2015,38.55,2086.05
8/13/2015,38.22,2083.39
8/14/2015,38.12,2091.54
8/17/2015,37.96,2102.44
8/18/2015,37.62,2096.92
8/19/2015,37.31,2079.61
8/20/2015,36.36,2035.73
8/21/2015,35.66,1970.89
8/24/2015,34.67,1893.21
8/25/2015,35,1867.61
8/26/2015,35.79,1940.51
8/27/2015,36.21,1987.66
8/28/2015,35.87,1988.87
8/31/2015,35.77,1972.18
9/1/2015,34.85,1913.85
9/2/2015,35.34,1948.86
9/3/2015,35.32,1951.13
9/4/2015,34.54,1921.22
9/8/2015,35.55,1969.41
9/9/2015,35.27,1942.04
9/10/2015,35.6,1952.29
9/11/2015,35.53,1961.05
9/14/2015,35.2,1953.03
9/15/2015,35.47,1978.09
9/16/2015,35.92,1995.31
9/17/2015,36.24,1990.2
9/18/2015,34.83,1958.03
9/21/2015,34.77,1966.97
9/22/2015,33.67,1942.74
9/23/2015,33.59,1938.76
9/24/2015,33.44,1932.24
9/25/2015,33.77,1931.34
9/28/2015,33.18,1881.77
9/29/2015,33.32,1884.09
9/30/2015,33.85,1920.03
10/1/2015,33.74,1923.82
10/2/2015,34.3,1951.36
10/5/2015,35.1,1987.05
10/6/2015,35.39,1979.92
10/7/2015,35.72,1995.83
10/8/2015,35.9,2013.43
10/9/2015,36.1,2014.89
10/12/2015,36.01,2017.46
10/13/2015,35.65,2003.69
10/14/2015,35.8,1994.24
10/15/2015,36.24,2023.86
10/16/2015,36.3,2033.11
10/19/2015,36.24,2033.66
10/20/2015,36.11,2030.77
10/21/2015,36.08,2018.94
10/22/2015,36.56,2052.51
10/23/2015,36.96,2075.15
10/26/2015,36.85,2071.18
10/27/2015,36.57,2065.89
10/28/2015,36.77,2090.35
10/29/2015,36.57,2089.41
10/30/2015,36.62,2079.36
11/2/2015,37.05,2104.05
11/3/2015,36.93,2109.79
11/4/2015,36.53,2102.31
11/5/2015,36.63,2099.93
11/6/2015,36.54,2099.2
11/9/2015,36.06,2078.58
11/10/2015,35.91,2081.72
11/11/2015,36.01,2075
11/12/2015,35.56,2045.97
11/13/2015,35.19,2023.04
11/16/2015,35.51,2053.19
11/17/2015,35.63,2050.44
11/18/2015,35.98,2083.58
11/19/2015,36.09,2081.24
11/20/2015,35.89,2089.17
11/23/2015,35.67,2086.59
11/24/2015,35.58,2089.14
11/25/2015,35.81,2088.87
11/27/2015,36.09,2090.11
11/30/2015,36.12,2080.41
12/1/2015,36.22,2102.63
12/2/2015,35.72,2079.51
12/3/2015,35.38,2049.62
12/4/2015,35.8,2091.69
12/7/2015,35.7,2077.07
12/8/2015,35.14,2063.59
12/9/2015,34.98,2047.62
12/10/2015,34.88,2052.23
12/11/2015,34.24,2012.37
12/14/2015,34.18,2021.94
12/15/2015,34.57,2043.41
12/16/2015,35.2,2073.07
12/17/2015,34.87,2041.89
12/18/2015,34.2,2005.55
12/21/2015,34.33,2021.15
12/22/2015,34.54,2038.97
12/23/2015,35.12,2064.29
12/24/2015,35.03,2060.99
12/28/2015,34.96,2056.5
12/29/2015,35.29,2078.36
12/30/2015,34.9,2063.36
12/31/2015,34.43,2043.94
1/4/2016,33.7,2012.66
1/5/2016,33.4,2016.71
1/6/2016,32.83,1990.26
1/7/2016,32.37,1943.09
1/8/2016,32.04,1922.03
1/11/2016,32.22,1923.67
1/12/2016,32.62,1938.68
1/13/2016,31.94,1890.28
1/14/2016,32.33,1921.84
1/15/2016,31.26,1880.33
1/19/2016,31.52,1881.33
1/20/2016,30.85,1859.33
1/21/2016,31.17,1868.99
1/22/2016,31.96,1906.9
1/25/2016,31.515,1877.08
1/26/2016,32.21,1903.63
1/27/2016,31.95,1882.95
1/28/2016,31.93,1893.36
1/29/2016,32.33,1940.24
2/1/2016,32.19,1939.38
2/2/2016,31.23,1903.03
2/3/2016,31.66,1912.53
2/4/2016,31.8,1915.45
2/5/2016,31.27,1880.05
2/8/2016,30.56,1853.44
2/9/2016,30.26,1852.21
2/10/2016,30.38,1851.86
2/11/2016,29.92,1829.08
2/12/2016,30.32,1864.78
2/16/2016,30.88,1895.58
2/17/2016,31.56,1926.82
2/18/2016,31.29,1917.83
2/19/2016,31.18,1917.78
2/22/2016,31.57,1945.5
2/23/2016,31,1921.27
2/24/2016,30.76,1929.8
2/25/2016,31.16,1951.7
2/26/2016,31.14,1948.05
2/29/2016,30.94,1932.23
3/1/2016,31.89,1978.35
3/2/2016,32.07,1986.45
3/3/2016,32.36,1993.4
3/4/2016,32.55,1999.99
3/7/2016,32.48,2001.76
3/8/2016,32.23,1979.26
3/9/2016,32.37,1989.26
3/10/2016,32.44,1989.57
3/11/2016,33.56,2022.19
3/14/2016,33.48,2019.64
3/15/2016,33.28,2015.93
3/16/2016,33.68,2027.22
3/17/2016,33.66,2040.59
3/18/2016,33.62,2049.58
3/21/2016,33.51,2051.6
3/22/2016,33.4,2049.8
3/23/2016,33.04,2036.71
3/24/2016,32.7,2035.94
3/28/2016,32.77,2037.05
3/29/2016,33.2,2055.01
3/30/2016,33.55,2063.95
3/31/2016,33.23,2059.74
4/1/2016,32.88,2072.78
4/4/2016,32.8,2066.13
4/5/2016,32.01,2045.17
4/6/2016,32.44,2066.66
4/7/2016,31.73,2041.91
4/8/2016,32.33,2047.6
4/11/2016,32.4,2041.99
4/12/2016,32.82,2061.72
4/13/2016,33.44,2082.42
4/14/2016,33.57,2082.78
4/15/2016,33.58,2080.73
4/18/2016,33.91,2094.34
4/19/2016,34.58,2100.8
4/20/2016,34.71,2102.4
4/21/2016,34.68,2091.48
4/22/2016,34.54,2091.58
4/25/2016,34.4,2087.79
4/26/2016,34.51,2091.7
4/27/2016,34.75,2095.15
4/28/2016,34.38,2075.81
4/29/2016,34.1,2065.3
5/2/2016,34.38,2081.43
5/3/2016,33.66,2063.37
5/4/2016,33.2,2051.12
5/5/2016,33.01,2050.63
5/6/2016,33.23,2057.14
5/9/2016,33.2,2058.69
5/10/2016,33.59,2084.39
5/11/2016,33.29,2064.46
5/12/2016,33.14,2064.11
5/13/2016,32.79,2046.61
5/16/2016,33.16,2066.66
5/17/2016,32.73,2047.21
5/18/2016,32.77,2047.63
5/19/2016,32.54,2040.04
5/20/2016,32.89,2052.32
5/23/2016,32.71,2048.04
5/24/2016,33.4,2076.06
5/25/2016,33.9,2090.54
5/26/2016,34.12,2090.1
5/27/2016,34.08,2099.06
5/31/2016,33.89,2096.96
6/1/2016,33.85,2099.33
6/2/2016,33.87,2105.26
6/3/2016,33.92,2099.13
6/6/2016,33.99,2109.41
6/7/2016,34.28,2112.13
6/8/2016,34.3,2119.12
6/9/2016,33.8,2115.48
6/10/2016,32.6,2096.07
6/13/2016,32.02,2079.06
6/14/2016,31.44,2075.32
6/15/2016,31.69,2071.5
6/16/2016,31.99,2077.99
6/17/2016,31.5,2071.22
6/20/2016,32.2,2083.25
6/21/2016,32.6,2088.9
6/22/2016,32.66,2085.45
6/23/2016,33.82,2113.32
6/24/2016,29.86,2037.41
6/27/2016,29.18,2000.54
6/28/2016,29.95,2036.09
6/29/2016,30.51,2070.77
6/30/2016,31.17,2098.86
7/1/2016,31.14,2102.95
7/5/2016,30.2,2088.55
7/6/2016,30.11,2099.73
7/7/2016,29.88,2097.9
7/8/2016,30.49,2129.9
7/11/2016,30.91,2137.16
7/12/2016,31.53,2152.14
7/13/2016,31.62,2152.43
7/14/2016,32.01,2163.75
7/15/2016,31.86,2161.74
7/18/2016,31.75,2166.89
7/19/2016,31.45,2163.78
7/20/2016,31.73,2173.02
7/21/2016,31.71,2165.17
7/22/2016,31.75,2175.03
7/25/2016,31.74,2168.48
7/26/2016,31.9,2169.18
7/27/2016,32.18,2166.58
7/28/2016,32.2,2170.06
7/29/2016,32.565,2173.6
8/1/2016,32.14,2170.84
8/2/2016,31.8,2157.03
8/3/2016,31.73,2163.79
8/4/2016,31.8,2164.25
8/5/2016,32.07,2182.87
8/8/2016,32.2,2180.89
8/9/2016,32.66,2181.74
8/10/2016,32.82,2175.49
8/11/2016,33.05,2185.79
8/12/2016,33.06,2184.05
8/15/2016,33.145,2190.15
8/16/2016,33.08,2178.15
8/17/2016,32.98,2182.22
8/18/2016,33.1,2187.02
8/19/2016,32.79,2183.87
8/22/2016,32.71,2182.64
8/23/2016,32.89,2186.9
8/24/2016,32.9,2175.44
8/25/2016,32.74,2172.47
8/26/2016,32.67,2169.04
8/29/2016,32.77,2180.38
8/30/2016,32.88,2176.12
8/31/2016,32.85,2170.95
9/1/2016,33.03,2170.86
9/2/2016,33.5,2179.98
9/6/2016,33.71,2186.48
9/7/2016,33.79,2186.16
9/8/2016,33.81,2181.3
9/9/2016,33.08,2127.81
9/12/2016,33.32,2159.04
9/13/2016,32.57,2127.02
9/14/2016,32.42,2125.77
9/15/2016,32.62,2147.26
9/16/2016,31.82,2139.16
9/19/2016,32.07,2139.12
9/20/2016,32.11,2139.76
9/21/2016,32.59,2163.12
9/22/2016,33.14,2177.18
9/23/2016,32.95,2164.69
9/26/2016,32.5,2146.1
9/27/2016,32.48,2159.93
9/28/2016,32.82,2171.37
9/29/2016,32.24,2151.13
9/30/2016,32.76,2168.27
10/3/2016,32.64,2161.2
10/4/2016,32.7,2150.49
10/5/2016,32.96,2159.73
10/6/2016,32.86,2160.77
10/7/2016,32.64,2153.74
10/10/2016,32.8,2163.66
10/11/2016,32.4,2136.73
10/12/2016,32.24,2139.18
10/13/2016,32.04,2132.55
10/14/2016,32.21,2132.98
10/17/2016,32.16,2126.5
10/18/2016,32.5,2139.6
10/19/2016,32.56,2144.29
10/20/2016,32.68,2141.34
10/21/2016,32.58,2141.16
10/24/2016,32.69,2151.33
10/25/2016,32.67,2143.16
10/26/2016,32.56,2139.43
10/27/2016,32.61,2133.04
10/28/2016,32.65,2126.41
10/31/2016,32.57,2126.15
11/1/2016,32.39,2111.72
11/2/2016,32.15,2097.94
11/3/2016,32.05,2088.66
11/4/2016,31.78,2085.18
11/7/2016,32.34,2131.52
11/8/2016,32.5,2139.56
11/9/2016,32.47,2163.26
11/10/2016,32.35,2167.48
11/11/2016,32.03,2164.45
11/14/2016,31.79,2164.2
11/15/2016,31.93,2180.39
11/16/2016,31.45,2176.94
11/17/2016,31.55,2187.12
11/18/2016,31.15,2181.9
11/21/2016,31.46,2198.18
11/22/2016,31.56,2202.94
11/23/2016,31.22,2204.72
11/25/2016,31.44,2213.35
11/28/2016,31.08,2201.72
11/29/2016,31.43,2204.66
11/30/2016,31.38,2198.81
12/1/2016,31.31,2191.08
12/2/2016,31.29,2191.95
12/5/2016,32,2204.71
12/6/2016,32.52,2212.23
12/7/2016,33.07,2241.35
12/8/2016,32.95,2246.19
12/9/2016,32.96,2259.53
12/12/2016,33,2256.96
12/13/2016,33.41,2271.72
12/14/2016,32.88,2253.28
12/15/2016,32.92,2262.03
12/16/2016,32.91,2258.07
12/19/2016,32.81,2262.53
12/20/2016,33.01,2270.76
12/21/2016,33.09,2265.18
12/22/2016,33.07,2260.96
12/23/2016,33.18,2263.79
12/27/2016,33.22,2268.88
12/28/2016,32.99,2249.92
12/29/2016,33.21,2249.26
12/30/2016,33.46,2238.83
1/3/2017,33.53,2257.83
1/4/2017,33.76,2270.75
1/5/2017,34.1,2269
1/6/2017,33.97,2276.98
1/9/2017,33.95,2268.9
1/10/2017,33.85,2268.9
1/11/2017,34.03,2275.32
1/12/2017,34.06,2270.44
1/13/2017,34.23,2274.64
1/17/2017,34.15,2267.89
1/18/2017,34.1,2271.89
1/19/2017,33.97,2263.69
1/20/2017,34.28,2271.31
1/23/2017,34.26,2265.2
1/24/2017,34.35,2280.07
1/25/2017,34.78,2298.37
1/26/2017,34.39,2296.68
1/27/2017,34.33,2294.69
1/30/2017,34,2280.9
1/31/2017,34.02,2278.87
2/1/2017,34.12,2279.55
2/2/2017,34.15,2280.85
2/3/2017,34.34,2297.42
2/6/2017,33.85,2292.56
2/7/2017,33.71,2293.08
2/8/2017,33.69,2294.67
2/9/2017,33.98,2307.87
2/10/2017,33.9,2316.1
2/13/2017,34.04,2328.25
2/14/2017,34.14,2337.58
2/15/2017,34.28,2349.25
2/16/2017,34.42,2347.22
2/17/2017,34.25,2351.16
2/21/2017,34.31,2365.38
2/22/2017,34.34,2362.82
2/23/2017,34.35,2363.81
2/24/2017,34.08,2367.34
2/27/2017,34.19,2369.75
2/28/2017,34.19,2363.64
3/1/2017,34.76,2395.96
3/2/2017,34.6,2381.92
3/3/2017,35.14,2383.12
3/6/2017,34.96,2375.31
3/7/2017,34.83,2368.39
3/8/2017,34.69,2362.98
3/9/2017,35.16,2364.87
3/10/2017,35.53,2372.6
3/13/2017,35.54,2373.47
3/14/2017,35.16,2365.45
3/15/2017,35.66,2385.26
3/16/2017,36.09,2381.38
3/17/2017,35.99,2378.25
3/20/2017,35.89,2373.47
3/21/2017,35.9,2344.02
3/22/2017,35.99,2348.45
3/23/2017,36.07,2345.96
3/24/2017,36.15,2343.98
3/27/2017,36.37,2341.59
3/28/2017,36.54,2358.57
3/29/2017,36.45,2361.13
3/30/2017,36.19,2368.06
3/31/2017,36.35,2362.72
4/3/2017,36.22,2358.84
4/4/2017,36.25,2360.16
4/5/2017,35.98,2352.95
4/6/2017,36.12,2357.49
4/7/2017,36.1,2355.54
4/10/2017,35.87,2357.16
4/11/2017,35.95,2353.78
4/12/2017,35.93,2344.93
4/13/2017,35.62,2328.95
4/17/2017,35.83,2349.01
4/18/2017,35.59,2342.19
4/19/2017,35.55,2338.17
4/20/2017,35.91,2355.84
4/21/2017,35.96,2348.69
4/24/2017,37.96,2374.15
4/25/2017,38.25,2388.61
4/26/2017,37.91,2387.45
4/27/2017,37.84,2388.77
4/28/2017,37.83,2384.2
5/1/2017,38.04,2388.33
5/2/2017,38.3,2391.17
5/3/2017,38.24,2388.13
5/4/2017,39.06,2389.52
5/5/2017,39.69,2399.29
5/8/2017,39.08,2399.38
5/9/2017,38.87,2396.92
5/10/2017,38.94,2399.63
5/11/2017,38.75,2394.44
5/12/2017,39.1,2390.9
5/15/2017,39.37,2402.32
5/16/2017,39.79,2400.67
5/17/2017,39.07,2357.03
5/18/2017,39.09,2365.72
5/19/2017,39.65,2381.73
5/22/2017,39.7,2394.02
5/23/2017,39.72,2398.42
5/24/2017,39.73,2404.39
5/25/2017,39.64,2415.07
5/26/2017,39.46,2415.82
5/30/2017,39.35,2412.91
5/31/2017,39.54,2411.8
6/1/2017,39.73,2430.06
6/2/2017,40.18,2439.07
6/5/2017,39.88,2436.1
6/6/2017,39.62,2429.33
6/7/2017,39.64,2433.14
6/8/2017,39.65,2433.79
6/9/2017,39.62,2431.77
6/12/2017,39.29,2429.39
6/13/2017,39.59,2440.35
6/14/2017,39.55,2437.92
6/15/2017,38.99,2432.46
6/16/2017,38.74,2433.15
6/19/2017,38.96,2453.46
6/20/2017,38.57,2437.03
6/21/2017,38.59,2435.61
6/22/2017,38.54,2434.5
6/23/2017,38.64,2438.3
6/26/2017,38.79,2439.07
6/27/2017,38.89,2419.38
6/28/2017,39.28,2440.69
6/29/2017,38.62,2419.7
6/30/2017,38.47,2423.41
7/3/2017,38.55,2429.01
7/5/2017,38.54,2432.54
7/6/2017,38.39,2409.75
7/7/2017,38.56,2425.18
7/10/2017,38.65,2427.43
7/11/2017,38.83,2425.53
7/12/2017,39.11,2443.25
7/13/2017,39.24,2447.83
7/14/2017,39.46,2459.27
7/17/2017,39.29,2459.14
7/18/2017,39.22,2460.61
7/19/2017,39.34,2473.83
7/20/2017,39.61,2473.45
7/21/2017,39.33,2472.54
7/24/2017,39.29,2469.91
7/25/2017,39.42,2477.13
7/26/2017,39.7,2477.83
7/27/2017,39.61,2475.42
7/28/2017,39.72,2472.1
7/31/2017,39.72,2470.3
8/1/2017,39.97,2476.35
8/2/2017,39.98,2477.57
8/3/2017,40.09,2472.16
8/4/2017,40.3,2476.83
8/7/2017,40.29,2480.91
8/8/2017,40.1,2474.92
8/9/2017,39.85,2474.02
8/10/2017,39.21,2438.21
8/11/2017,39.21,2441.32
8/14/2017,39.62,2465.84
8/15/2017,39.66,2464.61
8/16/2017,39.83,2468.11
8/17/2017,39.29,2430.01
8/18/2017,39.45,2425.55
8/21/2017,39.37,2428.37
8/22/2017,39.68,2452.51
8/23/2017,39.66,2444.04
8/24/2017,39.62,2438.97
8/25/2017,39.95,2443.05
8/28/2017,39.9,2444.24
8/29/2017,39.71,2446.3
8/30/2017,39.54,2457.59
8/31/2017,39.77,2471.65
9/1/2017,39.88,2476.55
9/5/2017,39.55,2457.85
9/6/2017,40.05,2465.54
9/7/2017,40.4,2465.1
9/8/2017,40.37,2461.43
9/11/2017,40.79,2488.11
9/12/2017,40.96,2496.48
9/13/2017,40.78,2498.37
9/14/2017,40.93,2495.62
9/15/2017,40.84,2500.23
9/18/2017,40.97,2503.87
9/19/2017,41.13,2506.65
9/20/2017,40.99,2508.24
9/21/2017,41.06,2500.6
9/22/2017,41.1,2502.22
9/25/2017,40.72,2496.66
9/26/2017,40.54,2496.84
9/27/2017,40.66,2507.04
9/28/2017,40.8,2510.06
9/29/2017,41.25,2519.36
10/2/2017,41.13,2529.12
10/3/2017,41.24,2534.58
10/4/2017,41.05,2537.74
10/5/2017,41.15,2552.07
10/6/2017,41.16,2549.33
10/9/2017,41.1,2544.73
10/10/2017,41.48,2550.64
10/11/2017,41.6,2555.24
10/12/2017,41.48,2550.93
10/13/2017,41.45,2553.17
10/16/2017,41.38,2557.64
10/17/2017,41.29,2559.36
10/18/2017,41.5,2561.26
10/19/2017,41.51,2562.1
10/20/2017,41.29,2575.21
10/23/2017,41.11,2564.98
10/24/2017,41.29,2569.13
10/25/2017,41.24,2557.15
10/26/2017,41.28,2560.4
10/27/2017,41.2,2581.07
10/30/2017,41.44,2572.83
10/31/2017,41.65,2575.26
11/1/2017,41.77,2579.36
11/2/2017,41.89,2579.85
11/3/2017,41.66,2587.84
11/6/2017,41.64,2591.13
11/7/2017,41.25,2590.64
11/8/2017,41.28,2594.38
11/9/2017,40.92,2584.62
11/10/2017,40.82,2582.3
11/13/2017,40.65,2584.84
11/14/2017,40.82,2578.87
11/15/2017,40.69,2564.62
11/16/2017,40.93,2585.64
11/17/2017,40.75,2578.85
11/20/2017,40.67,2582.14
11/21/2017,40.94,2599.03
11/22/2017,40.98,2597.08
11/24/2017,41.57,2602.42
11/27/2017,41.31,2601.42
11/28/2017,41.54,2627.04
11/29/2017,41.41,2626.07
11/30/2017,41.39,2647.58
12/1/2017,41.07,2642.22
12/4/2017,41.15,2639.44
12/5/2017,40.96,2629.57
12/6/2017,40.83,2629.27
12/7/2017,40.98,2636.98
12/8/2017,41.2,2651.5
12/11/2017,41.17,2659.99
12/12/2017,41.1,2664.11
12/13/2017,41.08,2662.85
12/14/2017,40.69,2652.01
12/15/2017,40.7,2675.81
12/18/2017,41.25,2690.16
12/19/2017,41.19,2681.47
12/20/2017,40.94,2679.25
12/21/2017,41.04,2684.57
12/22/2017,40.95,2683.34
12/26/2017,40.99,2680.5
12/27/2017,40.94,2682.62
12/28/2017,40.86,2687.54
12/29/2017,40.71,2673.61
1/2/2018,40.89,2695.81
1/3/2018,41.05,2713.06
1/4/2018,41.78,2723.99
1/5/2018,42.2,2743.15
1/8/2018,42.03,2747.71
1/9/2018,42.06,2751.29
1/10/2018,41.91,2748.23
1/11/2018,42.17,2767.56
1/12/2018,42.76,2786.24
1/16/2018,42.87,2776.42
1/17/2018,43.03,2802.56
1/18/2018,43.09,2798.03
1/19/2018,43.42,2810.3
1/22/2018,43.79,2832.97
1/23/2018,43.9,2839.13
1/24/2018,43.97,2837.54
1/25/2018,43.8,2839.25
1/26/2018,44.21,2872.87
1/29/2018,43.84,2853.53
1/30/2018,43.47,2822.43
1/31/2018,43.54,2823.81
2/1/2018,43.56,2821.98
2/2/2018,42.45,2762.13
2/5/2018,40.66,2648.94
2/6/2018,41.81,2695.14
2/7/2018,41,2681.66
2/8/2018,39.79,2581
2/9/2018,39.91,2619.55
2/12/2018,40.46,2656
2/13/2018,40.34,2662.94
2/14/2018,41.07,2698.63
2/15/2018,41.34,2731.2
2/16/2018,41.42,2732.22
2/20/2018,41.05,2716.26
2/21/2018,40.75,2701.33
2/22/2018,41.05,2703.96
2/23/2018,41.34,2747.3
2/26/2018,41.68,2779.6
2/27/2018,40.94,2744.28
2/28/2018,40.55,2713.83
3/1/2018,40.18,2677.67
3/2/2018,40.16,2691.25
3/5/2018,40.44,2720.94
3/6/2018,40.63,2728.12
3/7/2018,40.87,2726.8
3/8/2018,40.9,2738.97
3/9/2018,41.04,2786.57
3/12/2018,41.09,2783.02
3/13/2018,40.75,2765.31
3/14/2018,40.87,2749.48
3/15/2018,40.9,2747.33
3/16/2018,41,2752.01
3/19/2018,40.71,2712.92
3/20/2018,40.65,2716.94
3/21/2018,40.55,2711.93
3/22/2018,39.68,2643.69
3/23/2018,39.21,2588.26
3/26/2018,40.04,2658.55
3/27/2018,39.53,2612.62
3/28/2018,39.78,2605
3/29/2018,40.27,2640.87
4/2/2018,39.66,2581.88
4/3/2018,40.09,2614.45
4/4/2018,40.25,2644.69
4/5/2018,40.7,2662.84
4/6/2018,40.45,2604.47
4/9/2018,40.85,2613.16
4/10/2018,41.29,2656.87
4/11/2018,41.07,2642.19
4/12/2018,41.32,2663.99
4/13/2018,41.36,2656.3
4/16/2018,41.52,2677.84
4/17/2018,41.93,2706.39
4/18/2018,42.07,2708.64
4/19/2018,41.91,2693.13
4/20/2018,41.79,2670.14
4/23/2018,41.77,2670.29
4/24/2018,41.55,2634.56
4/25/2018,41.5,2639.4
4/26/2018,41.58,2666.94
4/27/2018,41.69,2669.91
4/30/2018,41.6,2648.05
5/1/2018,41.37,2654.8
5/2/2018,41.44,2635.67
5/3/2018,41.53,2629.73
5/4/2018,41.6,2663.42
5/7/2018,41.64,2672.63
5/8/2018,41.43,2671.92
5/9/2018,41.58,2697.79
5/10/2018,41.87,2723.07
5/11/2018,41.84,2727.72
5/14/2018,41.85,2730.13
5/15/2018,41.52,2711.45
5/16/2018,41.45,2722.46
5/17/2018,41.59,2720.13
5/18/2018,41.44,2712.97
5/21/2018,41.63,2733.01
5/22/2018,41.67,2724.44
5/23/2018,41.03,2733.29
5/24/2018,40.9,2727.76
5/25/2018,40.45,2721.33
5/29/2018,39,2689.86
5/30/2018,39.83,2724.01
5/31/2018,39.61,2705.27
6/1/2018,39.99,2734.62
6/4/2018,40.2,2746.87
6/5/2018,40.09,2748.8
6/6/2018,40.56,2772.35
6/7/2018,40.21,2770.37
6/8/2018,40.28,2779.03
6/11/2018,40.78,2782
6/12/2018,40.48,2786.85
6/13/2018,40.61,2775.63
6/14/2018,40.65,2782.49
6/15/2018,39.65,2779.66
6/18/2018,39.14,2773.75
6/19/2018,38.78,2762.59
6/20/2018,38.69,2767.32
6/21/2018,38.3,2749.76
6/22/2018,38.82,2754.88
6/25/2018,38.31,2717.07
6/26/2018,38.2,2723.06
6/27/2018,37.82,2699.63
6/28/2018,37.88,2716.31
6/29/2018,38.33,2718.37
7/2/2018,38.15,2726.71
7/3/2018,38.37,2713.22
7/5/2018,39.09,2736.61
7/6/2018,39.32,2759.82
7/9/2018,39.52,2784.17
7/10/2018,39.59,2793.84
7/11/2018,38.77,2774.02
7/12/2018,39.07,2798.29
7/13/2018,39.18,2801.31
7/16/2018,39.27,2798.43
7/17/2018,39.23,2809.55
7/18/2018,39.37,2815.62
7/19/2018,39.15,2804.49
7/20/2018,39.33,2801.83
7/23/2018,39.3,2806.98
7/24/2018,39.49,2820.4
7/25/2018,39.85,2846.07
7/26/2018,39.6,2837.44
7/27/2018,39.77,2818.82
7/30/2018,39.84,2802.6
7/31/2018,40,2816.29
8/1/2018,39.72,2813.36
8/2/2018,39.29,2827.22
8/3/2018,39.23,2840.35
8/6/2018,39.1,2850.4
8/7/2018,39.48,2858.45
8/8/2018,39.36,2857.7
8/9/2018,39.12,2853.58
8/10/2018,37.92,2833.28
8/13/2018,37.73,2821.93
8/14/2018,37.75,2839.96
8/15/2018,37,2818.37
8/16/2018,37.26,2840.69
8/17/2018,37.55,2850.13
8/20/2018,37.81,2857.05
8/21/2018,38.35,2862.96
8/22/2018,38.58,2861.82
8/23/2018,38.32,2856.98
8/24/2018,38.73,2874.69
8/27/2018,39.27,2896.74
8/28/2018,39.19,2897.52
8/29/2018,39.34,2914.04
8/30/2018,38.83,2901.13
8/31/2018,38.28,2901.52
9/4/2018,37.87,2896.72
9/5/2018,37.52,2888.6
9/6/2018,37.33,2878.05
9/7/2018,36.93,2871.68
9/10/2018,37.35,2877.13
9/11/2018,37.39,2887.89
9/12/2018,37.48,2888.92
9/13/2018,37.92,2904.18
9/14/2018,37.77,2904.98
9/17/2018,37.88,2888.8
9/18/2018,38.11,2904.31
9/19/2018,38.25,2907.95
9/20/2018,39.05,2930.75
9/21/2018,39.08,2929.67
9/24/2018,38.89,2919.37
9/25/2018,39.04,2915.56
9/26/2018,39.07,2905.97
9/27/2018,38.89,2914
9/28/2018,38.27,2913.98
10/1/2018,38.29,2924.59
10/2/2018,37.98,2923.43
10/3/2018,38.16,2925.51
10/4/2018,37.72,2901.61
10/5/2018,37.4,2885.57
10/8/2018,37.08,2884.43
10/9/2018,37.1,2880.34
10/10/2018,36.35,2785.68
10/11/2018,36.01,2728.37
10/12/2018,36.02,2767.13
10/15/2018,36.13,2750.79
10/16/2018,36.75,2809.92
10/17/2018,36.35,2809.21
10/18/2018,35.63,2768.78
10/19/2018,35.91,2767.78
10/22/2018,35.58,2755.88
10/23/2018,35.37,2740.69
10/24/2018,34.38,2656.1
10/25/2018,34.91,2705.57
10/26/2018,34.73,2658.69
10/29/2018,34.69,2641.25
10/30/2018,34.88,2682.63
10/31/2018,35.14,2711.74
11/1/2018,35.62,2740.37
11/2/2018,35.69,2723.06
11/5/2018,35.7,2738.31
11/6/2018,35.82,2755.45
11/7/2018,36.29,2813.89
11/8/2018,35.73,2806.83
11/9/2018,35.67,2781.01
11/12/2018,34.87,2726.22
11/13/2018,35.15,2722.18
11/14/2018,35.26,2701.58
11/15/2018,35.45,2730.2
11/16/2018,35.42,2736.27
11/19/2018,35.08,2690.73
11/20/2018,34.4,2641.89
11/21/2018,34.85,2649.93
11/23/2018,34.52,2632.56
11/26/2018,35.04,2673.45
11/27/2018,34.87,2682.17
11/28/2018,35.41,2743.79
11/29/2018,35.26,2737.76
11/30/2018,35.08,2760.17
12/3/2018,35.54,2790.37
12/4/2018,34.63,2700.06
12/6/2018,34.17,2695.95
12/7/2018,33.76,2633.08
12/10/2018,33.63,2637.72
12/11/2018,33.7,2636.78
12/12/2018,34.36,2651.07
12/13/2018,34.34,2650.54
12/14/2018,33.84,2599.95
12/17/2018,33.61,2545.94
12/18/2018,33.68,2546.16
12/19/2018,33.4,2506.96
12/20/2018,33.24,2467.42
12/21/2018,32.66,2416.62
12/24/2018,32.08,2351.1
12/26/2018,32.96,2467.7
12/27/2018,32.98,2488.83
12/28/2018,33.13,2485.74
12/31/2018,33.27,2506.85
1/2/2019,33.12,2510.03
1/3/2019,32.68,2447.89
1/4/2019,33.78,2531.94
1/7/2019,33.81,2549.69
1/8/2019,34.03,2574.41
1/9/2019,34.47,2584.96
1/10/2019,34.44,2596.64
1/11/2019,34.15,2596.26
1/14/2019,34.03,2582.61
1/15/2019,34.07,2610.3
1/16/2019,34.04,2616.1
1/17/2019,34.1,2635.96
1/18/2019,34.6,2670.71
1/22/2019,34.18,2632.9
1/23/2019,34.4,2638.7
1/24/2019,34.43,2642.33
1/25/2019,34.97,2664.76
1/28/2019,34.9,2643.85
1/29/2019,35.06,2640
1/30/2019,35.33,2681.05
1/31/2019,35.25,2704.1
2/1/2019,35.33,2706.53
2/4/2019,35.31,2724.87
2/5/2019,35.64,2737.7
2/6/2019,35.49,2731.61
2/7/2019,34.86,2706.05
2/8/2019,34.72,2707.88
2/11/2019,34.7,2709.8
2/12/2019,35.14,2744.73
2/13/2019,35.14,2753.03
2/14/2019,35.03,2745.73
2/15/2019,35.65,2775.6
2/19/2019,35.8,2779.76
2/20/2019,35.95,2784.7
2/21/2019,35.92,2774.88
2/22/2019,36.06,2792.67
2/25/2019,36.14,2796.11
2/26/2019,36.42,2793.9
2/27/2019,36.25,2792.38
2/28/2019,36.43,2784.49
3/1/2019,36.69,2803.69
3/4/2019,36.53,2792.81
3/5/2019,36.56,2789.65
3/6/2019,36.48,2771.45
3/7/2019,35.87,2748.93
3/8/2019,36.01,2743.07
3/11/2019,36.26,2783.3
3/12/2019,36.25,2791.52
3/13/2019,36.66,2810.92
3/14/2019,36.74,2808.48
3/15/2019,37.18,2822.48
3/18/2019,37.34,2832.94
3/19/2019,37.46,2832.57
3/20/2019,37.47,2824.23
3/21/2019,37.32,2854.88
3/22/2019,36.19,2800.71
3/25/2019,36.26,2798.36
3/26/2019,36.33,2818.46
3/27/2019,36.43,2805.37
3/28/2019,36.32,2815.44
3/29/2019,36.58,2834.4
4/1/2019,37.01,2867.19
4/2/2019,37.13,2867.24
4/3/2019,37.52,2873.4
4/4/2019,37.58,2879.39
4/5/2019,37.61,2892.74
4/8/2019,37.63,2895.77
4/9/2019,37.42,2878.2
4/10/2019,37.59,2888.21
4/11/2019,37.64,2888.32
4/12/2019,37.94,2907.41
4/15/2019,37.95,2905.58
4/16/2019,37.98,2907.06
4/17/2019,38.29,2900.45
4/18/2019,38.31,2905.03
4/22/2019,38.31,2907.97
4/23/2019,38.28,2933.68
4/24/2019,37.99,2927.25
4/25/2019,37.95,2926.17
4/26/2019,37.99,2939.88
4/29/2019,38.21,2943.03
4/30/2019,38.55,2945.83
5/1/2019,38.26,2923.73
5/2/2019,38.1,2917.52
5/3/2019,38.44,2945.64
5/6/2019,38.11,2932.47
5/7/2019,37.19,2884.05
5/8/2019,37.44,2879.42
5/9/2019,37.28,2870.72
5/10/2019,37.52,2881.4
5/13/2019,36.69,2811.87
5/14/2019,37.05,2834.41
5/15/2019,37.31,2850.96
5/16/2019,37.74,2876.32
5/17/2019,37.56,2859.53
5/20/2019,37.15,2840.23
5/21/2019,37.37,2864.36
5/22/2019,37.27,2856.27
5/23/2019,36.82,2822.24
5/24/2019,37.28,2826.06
5/28/2019,36.85,2802.39
5/29/2019,36.5,2783.02
5/30/2019,36.68,2788.86
5/31/2019,36.29,2752.06
6/3/2019,36.59,2744.45
6/4/2019,37.25,2803.27
6/5/2019,37.19,2826.15
6/6/2019,37.32,2843.49
6/7/2019,37.92,2873.34
6/10/2019,37.93,2886.73
6/11/2019,38.16,2885.72
6/12/2019,37.86,2879.84
6/13/2019,37.9,2891.64
6/14/2019,37.61,2886.98
6/17/2019,37.62,2889.67
6/18/2019,38.34,2917.75
6/19/2019,38.51,2926.46
6/20/2019,38.89,2954.18
6/21/2019,38.07,2950.46
6/24/2019,38.13,2945.35
6/25/2019,37.86,2917.38
6/26/2019,37.93,2913.78
6/27/2019,38,2924.92
6/28/2019,38.3,2941.76
7/1/2019,38.34,2964.33
7/2/2019,38.47,2973.01
7/3/2019,38.79,2995.82
7/5/2019,38.51,2990.41
7/8/2019,38.31,2975.95
7/9/2019,38.23,2979.63
7/10/2019,38.3,2993.07
7/11/2019,38.27,2999.91
7/12/2019,38.28,3013.77
7/15/2019,38.32,3014.3
7/16/2019,38.25,3004.04
7/17/2019,38.11,2984.42
7/18/2019,38.18,2995.11
7/19/2019,37.88,2976.61
7/22/2019,38.01,2985.03
7/23/2019,38.35,3005.47
7/24/2019,38.36,3019.56
7/25/2019,37.96,3003.67
7/26/2019,38.09,3025.86
7/29/2019,38.16,3020.97
7/30/2019,37.46,3013.18
7/31/2019,37.15,2980.38
8/1/2019,36.99,2953.56
8/2/2019,36.55,2932.05
8/5/2019,35.86,2844.74
8/6/2019,36.03,2881.77
8/7/2019,36.28,2883.98
8/8/2019,36.61,2938.09
8/9/2019,36.42,2918.65
8/12/2019,36.13,2883.75
8/13/2019,36.56,2926.32
8/14/2019,35.46,2840.6
8/15/2019,35.46,2847.6
8/16/2019,35.88,2888.68
8/19/2019,36.18,2923.65
8/20/2019,36.03,2900.51
8/21/2019,36.51,2924.43
8/22/2019,36.38,2922.95
8/23/2019,35.83,2847.11
8/26/2019,36.19,2878.38
8/27/2019,36.2,2869.16
8/28/2019,36.19,2887.94
8/29/2019,36.67,2924.58
8/30/2019,36.66,2926.46
9/3/2019,36.5,2906.27
9/4/2019,37.03,2937.78
9/5/2019,37.34,2976
9/6/2019,37.36,2978.71
9/9/2019,37.49,2978.43
9/10/2019,37.53,2979.39
9/11/2019,37.68,3000.93
9/12/2019,38.04,3009.57
9/13/2019,38.14,3007.39
9/16/2019,37.67,2997.96
9/17/2019,37.92,3005.7
9/18/2019,37.91,3006.73
9/19/2019,38.04,3006.79
9/20/2019,37.96,2992.07
9/23/2019,37.77,2991.78
9/24/2019,37.62,2966.6
9/25/2019,37.38,2984.87
9/26/2019,37.57,2977.62
9/27/2019,37.5,2961.79
9/30/2019,37.74,2976.74
10/1/2019,37.33,2940.25
10/2/2019,36.38,2887.61
10/3/2019,36.65,2910.63
10/4/2019,36.94,2952.01
10/7/2019,36.95,2938.79
10/8/2019,36.55,2893.06
10/9/2019,36.98,2919.4
10/10/2019,37.35,2938.13
10/11/2019,38.11,2970.27
10/14/2019,38.1,2966.15
10/15/2019,38.61,2995.68
10/16/2019,38.68,2989.69
10/17/2019,38.77,2997.95
10/18/2019,38.83,2986.2
10/21/2019,39,3006.72
10/22/2019,38.78,2995.99
10/23/2019,39.03,3004.52
10/24/2019,39.04,3010.29
10/25/2019,39,3022.55
10/28/2019,39.1,3039.42
10/29/2019,39.07,3036.89
10/30/2019,39.27,3046.77
10/31/2019,39.17,3037.56
11/1/2019,39.42,3066.91
11/4/2019,39.65,3078.27
11/5/2019,39.61,3074.62
11/6/2019,39.67,3076.78
11/7/2019,39.77,3085.18
11/8/2019,39.77,3093.08
11/11/2019,39.76,3087.01
11/12/2019,39.75,3091.84
11/13/2019,39.64,3094.04
11/14/2019,39.63,3096.63
11/15/2019,39.92,3120.46
11/18/2019,39.91,3122.03
11/19/2019,39.87,3120.18
11/20/2019,39.63,3108.46
11/21/2019,39.69,3103.54
11/22/2019,39.64,3110.29
11/25/2019,39.77,3133.64
11/26/2019,39.8,3140.52
11/27/2019,39.8,3153.63
11/29/2019,39.72,3140.98
12/2/2019,39.24,3113.87
12/3/2019,39.2,3093.2
12/4/2019,39.58,3112.76
12/5/2019,39.54,3117.43
12/6/2019,39.78,3145.91
12/9/2019,39.5,3135.96
12/10/2019,39.6,3132.52
12/11/2019,39.93,3141.63
12/12/2019,40.29,3168.57
12/13/2019,40.5,3168.8
12/16/2019,40.91,3191.45
12/17/2019,40.67,3192.52
12/18/2019,40.52,3191.14
12/19/2019,40.51,3205.37
12/20/2019,40.61,3221.22
12/23/2019,40.62,3224.01
12/24/2019,40.55,3223.38
12/26/2019,40.79,3239.91
12/27/2019,40.93,3240.02
12/30/2019,40.59,3221.29
12/31/2019,40.79,3230.78
1/2/2020,41.26,3257.85
1/3/2020,40.73,3234.85
1/6/2020,40.8,3246.28
1/7/2020,40.57,3237.18
1/8/2020,40.77,3253.05
1/9/2020,40.94,3274.7
1/10/2020,40.81,3265.35
1/13/2020,40.91,3288.13
1/14/2020,40.77,3283.15
1/15/2020,40.7,3289.29
1/16/2020,40.9,3316.81
1/17/2020,41.08,3329.62
1/21/2020,40.67,3320.79
1/22/2020,40.52,3321.75
1/23/2020,40.4,3325.54
1/24/2020,40.33,3295.47
1/27/2020,39.35,3243.63
1/28/2020,39.79,3276.24
1/29/2020,39.85,3273.4
1/30/2020,39.81,3283.66
1/31/2020,39.1,3225.52
2/3/2020,39.27,3248.92
2/4/2020,39.95,3297.59
2/5/2020,40.38,3334.69
2/6/2020,40.6,3345.78
2/7/2020,40.32,3327.71
2/10/2020,40.38,3352.09
2/11/2020,40.57,3357.75
2/12/2020,40.79,3379.45
2/13/2020,40.49,3373.94
2/14/2020,40.49,3380.16
2/18/2020,40.31,3370.29
2/19/2020,40.52,3386.15
2/20/2020,40.28,3373.23
2/21/2020,40.02,3337.75
2/24/2020,38.29,3225.89
2/25/2020,37.31,3128.21
2/26/2020,37.32,3116.39
2/27/2020,36.26,2978.76
2/28/2020,35.97,2954.22
3/2/2020,36.75,3090.23
3/3/2020,36.25,3003.37
3/4/2020,37.57,3130.12
3/5/2020,36.3,3023.94
3/6/2020,35.64,2972.37
3/9/2020,32.31,2746.56
3/10/2020,33.33,2882.23
3/11/2020,31.53,2741.38
3/12/2020,27.6,2480.64
3/13/2020,29.31,2711.02
3/16/2020,25.95,2386.13
3/17/2020,27.29,2529.19
3/18/2020,25.19,2398.1
3/19/2020,25.56,2409.39
3/20/2020,25.63,2304.92
3/23/2020,25.83,2237.4
3/24/2020,28.26,2447.33
3/25/2020,29.31,2475.56
3/26/2020,30.54,2630.07
3/27/2020,29.33,2541.47
3/30/2020,29.81,2626.65
3/31/2020,29.51,2584.59
4/1/2020,28.01,2470.5
4/2/2020,28.42,2526.9
4/3/2020,27.94,2488.65
4/6/2020,29.64,2663.68
4/7/2020,29.8,2659.41
4/8/2020,30.14,2749.98
4/9/2020,30.9,2789.82
4/13/2020,30.53,2761.63
4/14/2020,31.13,2846.06
4/15/2020,29.76,2783.36
4/16/2020,29.63,2799.55
4/17/2020,30.7,2874.56
4/20/2020,30.3,2823.16
4/21/2020,29.53,2736.56
4/22/2020,29.86,2799.31
4/23/2020,29.54,2797.8
4/24/2020,29.87,2836.74
4/27/2020,30.46,2878.48
4/28/2020,30.63,2863.39
4/29/2020,31.69,2939.51
4/30/2020,31.07,2912.43
5/1/2020,30.38,2830.71
5/4/2020,30.24,2842.74
5/5/2020,30.18,2868.44
5/6/2020,29.77,2848.42
5/7/2020,30.31,2881.19
5/8/2020,30.82,2929.8
5/11/2020,30.63,2930.32
5/12/2020,30.18,2870.12
5/13/2020,29.62,2820
5/14/2020,29.43,2852.5
5/15/2020,29.5,2863.7
5/18/2020,31.17,2953.91
5/19/2020,30.74,2922.94
5/20/2020,31.53,2971.61
5/21/2020,31.23,2948.51
5/22/2020,31.18,2955.45
5/26/2020,32.09,2991.77
5/27/2020,32.96,3036.13
5/28/2020,33.27,3029.73
5/29/2020,33.36,3044.31
6/1/2020,34.03,3055.73
6/2/2020,34.68,3080.82
6/3/2020,36.06,3122.87
6/4/2020,36.12,3112.35
6/5/2020,37.19,3193.93
6/8/2020,37.61,3232.39
6/9/2020,36.88,3207.18
6/10/2020,36.66,3190.14
6/11/2020,34.33,3002.1
6/12/2020,34.93,3041.31
6/15/2020,35.26,3066.59
6/16/2020,35.74,3124.74
6/17/2020,35.88,3113.49
6/18/2020,35.7,3115.34
6/19/2020,35.47,3097.74
6/22/2020,35.66,3117.86
6/23/2020,36.05,3131.29
6/24/2020,35.04,3050.33
6/25/2020,35.58,3083.76
6/26/2020,34.94,3009.05
6/29/2020,35.48,3053.24
6/30/2020,35.53,3100.29
7/1/2020,35.54,3115.86
7/2/2020,36.19,3130.01
7/6/2020,36.93,3179.72
7/7/2020,36.28,3145.32
7/8/2020,36.61,3169.94
7/9/2020,36.1,3152.05
7/10/2020,36.53,3185.04
7/13/2020,36.47,3155.22
7/14/2020,37.1,3197.52
7/15/2020,37.6,3226.56
7/16/2020,37.49,3215.57
7/17/2020,37.66,3224.73
7/20/2020,37.93,3251.84
7/21/2020,38.08,3257.3
7/22/2020,38.21,3276.02
7/23/2020,37.83,3235.66
7/24/2020,37.55,3215.63
7/27/2020,37.94,3239.41
7/28/2020,37.67,3218.44
7/29/2020,38.11,3258.44
7/30/2020,37.38,3246.22
7/31/2020,36.55,3271.12
8/3/2020,37.32,3294.61
8/4/2020,37.52,3306.51
8/5/2020,37.73,3327.77
8/6/2020,37.77,3349.16
8/7/2020,37.57,3351.28
8/10/2020,37.55,3360.47
8/11/2020,37.82,3333.69
8/12/2020,38.73,3380.35
8/13/2020,38.44,3373.43
8/14/2020,38.12,3372.85
8/17/2020,38.32,3381.99
8/18/2020,38.26,3389.78
8/19/2020,38.21,3374.85
8/20/2020,37.99,3385.51
8/21/2020,37.6,3397.16
8/24/2020,38.35,3431.28
8/25/2020,38.54,3443.62
8/26/2020,38.85,3478.73
8/27/2020,38.33,3484.55
8/28/2020,38.62,3508.01
8/31/2020,38.1,3500.31
9/1/2020,38.14,3526.65
9/2/2020,38.91,3580.84
9/3/2020,38.01,3455.06
9/4/2020,38.05,3426.96
9/8/2020,37.38,3331.84
9/9/2020,38.36,3398.96
9/10/2020,37.89,3339.19
9/11/2020,38.23,3340.97
9/14/2020,38.29,3383.54
9/15/2020,38.51,3401.2
9/16/2020,38.25,3385.49
9/17/2020,38.37,3357.01
9/18/2020,37.95,3319.47
9/21/2020,36.41,3281.06
9/22/2020,36.29,3315.57
9/23/2020,35.72,3236.92
9/24/2020,35.85,3246.59
9/25/2020,35.76,3298.46
9/28/2020,36.54,3351.6
9/29/2020,36.61,3335.47
9/30/2020,36.35,3363
10/1/2020,36.49,3380.8
10/2/2020,36.38,3348.44
10/5/2020,37.06,3408.63
10/6/2020,36.6,3360.95
10/7/2020,36.98,3419.45
10/8/2020,37.28,3446.83
10/9/2020,37.61,3477.13
10/12/2020,37.89,3534.22
10/13/2020,37.35,3511.93
10/14/2020,37.16,3488.67
10/15/2020,36.54,3483.34
10/16/2020,36.92,3483.81
10/19/2020,36.73,3426.92
10/20/2020,37.02,3443.12
10/21/2020,36.54,3435.56
10/22/2020,36.52,3453.49
10/23/2020,36.91,3465.39
10/26/2020,35.69,3400.97
10/27/2020,35.07,3390.68
10/28/2020,33.61,3271.03
10/29/2020,33.7,3310.11
10/30/2020,33.59,3269.96
11/2/2020,34.21,3310.24
11/3/2020,35.33,3369.16
11/4/2020,35.77,3443.44
11/5/2020,36.84,3510.45
11/6/2020,36.95,3509.44
11/9/2020,38.8,3550.5
11/10/2020,39.51,3545.53
11/11/2020,39.72,3572.66
11/12/2020,39.06,3537.01
11/13/2020,39.64,3585.15
11/16/2020,39.96,3626.91
11/17/2020,40.03,3609.53
11/18/2020,39.78,3567.79
11/19/2020,40,3581.87
11/20/2020,39.95,3557.54
11/23/2020,39.99,3577.59
11/24/2020,40.62,3635.41
11/25/2020,40.69,3629.65
11/27/2020,40.99,3638.35
11/30/2020,40.33,3621.63
12/1/2020,41.35,3662.45
12/2/2020,41.37,3669.01
12/3/2020,41.34,3666.72
12/4/2020,41.72,3699.12
12/7/2020,41.49,3691.96
12/8/2020,41.58,3702.25
12/9/2020,41.42,3672.82
12/10/2020,41.49,3668.1
12/11/2020,41.17,3663.46
12/14/2020,41.22,3647.49
12/15/2020,41.81,3694.62
12/16/2020,41.99,3701.17
12/17/2020,42.4,3722.48
12/18/2020,42.1,3709.41
12/21/2020,41.13,3694.92
12/22/2020,41.1,3687.26
12/23/2020,41.69,3690.01
12/24/2020,41.82,3703.06
12/28/2020,42.11,3735.36
12/29/2020,42.18,3727.04
12/30/2020,42.2,3732.04
12/31/2020,41.72,3756.07
1/4/2021,42.03,3700.65
1/5/2021,42.3,3726.86
1/6/2021,42.98,3748.14
1/7/2021,43,3803.79
1/8/2021,43.2,3824.68
1/11/2021,42.54,3799.61
1/12/2021,42.61,3801.19
1/13/2021,42.52,3809.84
1/14/2021,42.79,3795.54
1/15/2021,41.96,3768.25
1/19/2021,42.29,3798.91
1/20/2021,42.55,3851.85
1/21/2021,42.65,3853.07
1/22/2021,42.39,3841.47
1/25/2021,41.98,3855.36
1/26/2021,42.34,3849.62
1/27/2021,41.16,3750.77
1/28/2021,41.66,3787.38
1/29/2021,40.76,3714.24
2/1/2021,41.32,3773.86
2/2/2021,41.94,3826.31
2/3/2021,42.05,3830.17
2/4/2021,42.19,3871.74
2/5/2021,42.61,3886.83
2/8/2021,42.86,3915.59
2/9/2021,42.94,3911.23
2/10/2021,42.72,3909.88
2/11/2021,43.09,3916.38
2/12/2021,43.37,3934.83
2/16/2021,43.64,3932.59
2/17/2021,43.25,3931.33
2/18/2021,43.19,3913.97
2/19/2021,43.43,3906.71
2/22/2021,43.35,3876.5
2/23/2021,43.4,3881.37
2/24/2021,43.73,3925.43
2/25/2021,42.9,3829.34
2/26/2021,42.48,3811.15
3/1/2021,43.28,3901.82
3/2/2021,43.33,3870.29
3/3/2021,43.07,3819.72
3/4/2021,42.62,3768.47
3/5/2021,42.81,3841.94
3/8/2021,43.03,3821.35
3/9/2021,43.64,3875.44
3/10/2021,44.13,3898.81
3/11/2021,44.56,3939.34
3/12/2021,44.56,3943.34
3/15/2021,44.36,3968.94
3/16/2021,44.29,3962.71
3/17/2021,44.74,3974.12
3/18/2021,44.2,3915.46
3/19/2021,44.22,3913.1
3/22/2021,44.22,3940.59
3/23/2021,43.69,3910.52
3/24/2021,43.58,3889.14
3/25/2021,43.86,3909.52
3/26/2021,44.42,3974.54
3/29/2021,44.34,3971.09
3/30/2021,44.5,3958.55
3/31/2021,44.51,3972.89
4/1/2021,45.28,4019.87
4/5/2021,46.08,4077.91
4/6/2021,45.61,4073.94
4/7/2021,45.68,4079.95
4/8/2021,45.9,4097.17
4/9/2021,45.98,4128.8
4/12/2021,45.81,4127.99
4/13/2021,46.09,4141.59
4/14/2021,46.07,4124.66
4/15/2021,46.42,4170.42
4/16/2021,47.07,4185.47
4/19/2021,46.96,4163.26
4/20/2021,46.07,4134.94
4/21/2021,46.73,4173.42
4/22/2021,46.6,4134.98
4/23/2021,47.1,4180.17
4/26/2021,47.17,4187.62
4/27/2021,47.12,4186.72
4/28/2021,47.3,4183.18
4/29/2021,47.29,4211.47
4/30/2021,46.47,4181.17
5/3/2021,47.05,4192.66
5/4/2021,46.1,4164.66
5/5/2021,46.86,4167.59
5/6/2021,47.3,4201.62
5/7/2021,48.01,4232.6
5/10/2021,47.47,4188.43
5/11/2021,46.87,4152.1
5/12/2021,46.39,4063.04
5/13/2021,46.9,4112.5
5/14/2021,48,4173.85
5/17/2021,47.81,4163.29
5/18/2021,47.74,4127.83
5/19/2021,47.09,4115.68
5/20/2021,47.94,4159.12
5/21/2021,48.09,4155.86
5/24/2021,48.47,4197.05
5/25/2021,48.53,4188.13
5/26/2021,48.24,4195.99
5/27/2021,48.35,4200.88
5/28/2021,48.61,4204.11
6/1/2021,48.82,4202.04
6/2/2021,48.91,4208.12
6/3/2021,48.55,4192.85
6/4/2021,48.88,4229.89
6/7/2021,49.09,4226.52
6/8/2021,49.03,4227.26
6/9/2021,48.93,4219.55
6/10/2021,48.96,4239.18
6/11/2021,49.18,4247.44
6/14/2021,49.3,4255.15
6/15/2021,49.35,4246.59
6/16/2021,48.86,4223.7
6/17/2021,48.55,4221.86
6/18/2021,47.51,4166.45
6/21/2021,47.61,4224.79
6/22/2021,47.63,4246.44
6/23/2021,47.16,4241.84
6/24/2021,47.73,4266.49
6/25/2021,47.71,4280.7
6/28/2021,47.36,4290.61
6/29/2021,47.35,4291.8
6/30/2021,46.83,4297.5
7/1/2021,46.95,4319.94
7/2/2021,47,4352.34
7/6/2021,46.4,4343.54
7/7/2021,46.71,4358.13
7/8/2021,45.88,4320.82
7/9/2021,46.89,4369.55
7/12/2021,47.14,4384.63
7/13/2021,46.73,4369.21
7/14/2021,46.99,4374.3
7/15/2021,46.45,4360.03
7/16/2021,46.05,4327.16
7/19/2021,44.93,4258.49
7/20/2021,45.33,4323.06
7/21/2021,46.2,4358.69
7/22/2021,46.33,4367.48
7/23/2021,46.81,4411.79
7/26/2021,46.91,4422.3
7/27/2021,46.72,4401.46
7/28/2021,47,4400.64
7/29/2021,47.36,4419.15
7/30/2021,47.03,4395.26
8/2/2021,47.15,4387.16
8/3/2021,47.45,4423.15
8/4/2021,47.47,4402.66
8/5/2021,47.69,4429.1
8/6/2021,47.61,4436.52
8/9/2021,47.52,4432.35
8/10/2021,47.59,4436.75
8/11/2021,47.89,4447.7
8/12/2021,48.03,4460.83
8/13/2021,48.32,4468
8/16/2021,48.04,4479.71
8/17/2021,47.55,4448.08
8/18/2021,47.28,4400.27
8/19/2021,46.78,4405.8
8/20/2021,47.04,4441.67
8/23/2021,47.56,4479.53
8/24/2021,47.54,4486.23
8/25/2021,47.59,4496.19
8/26/2021,47.36,4470
8/27/2021,47.87,4509.37
8/30/2021,47.95,4528.79
8/31/2021,47.94,4522.68
9/1/2021,48.4,4524.09
9/2/2021,48.58,4536.95
9/3/2021,48.27,4535.43
9/7/2021,48.33,4520.03
9/8/2021,47.79,4514.07
9/9/2021,47.67,4493.28
9/10/2021,47.51,4458.58
9/13/2021,47.95,4468.73
9/14/2021,47.8,4443.05
9/15/2021,47.72,4480.7
9/16/2021,47.75,4473.75
9/17/2021,46.95,4432.99
9/20/2021,45.83,4357.73
9/21/2021,46.43,4354.19
9/22/2021,47.01,4395.64
9/23/2021,47.68,4448.98
9/24/2021,47.19,4455.48
9/27/2021,47.21,4443.11
9/28/2021,46,4352.63
9/29/2021,45.75,4359.46
9/30/2021,45.29,4307.54
10/1/2021,45.53,4357.04
10/4/2021,45.13,4300.46
10/5/2021,45.56,4345.72
10/6/2021,45.24,4363.55
10/7/2021,45.75,4399.76
10/8/2021,45.63,4391.34
10/11/2021,45.34,4361.19
10/12/2021,45.31,4350.65
10/13/2021,45.99,4363.8
10/14/2021,46.71,4438.26
10/15/2021,47.07,4471.37
10/18/2021,46.77,4486.46
10/19/2021,46.96,4519.63
10/20/2021,47.14,4536.19
10/21/2021,47,4549.78
10/22/2021,47.36,4544.9
10/25/2021,47.15,4566.48
10/26/2021,47.44,4574.79
10/27/2021,47.33,4551.68
10/28/2021,47.91,4596.42
10/29/2021,47.75,4605.38
11/1/2021,48.22,4613.67
11/2/2021,48.26,4630.65
11/3/2021,48.74,4660.57
11/4/2021,48.65,4680.06
11/5/2021,49,4697.53
11/8/2021,48.96,4701.7
11/9/2021,48.95,4685.25
11/10/2021,48.25,4646.71
11/11/2021,48.4,4649.27
11/12/2021,48.53,4682.85
11/15/2021,48.28,4682.8
11/16/2021,48.28,4700.9
11/17/2021,48.29,4688.67
11/18/2021,48.42,4704.54
11/19/2021,47.64,4697.96
11/22/2021,47.11,4682.94
11/23/2021,46.99,4690.7
11/24/2021,46.58,4701.46
11/26/2021,44.98,4594.62
11/29/2021,45.13,4655.27
11/30/2021,44.77,4567
12/1/2021,44.8,4513.04
12/2/2021,45.27,4577.1
12/3/2021,44.81,4538.43
12/6/2021,45.4,4591.67
12/7/2021,46.72,4686.75
12/8/2021,46.68,4701.21
12/9/2021,45.99,4667.45
12/10/2021,46.2,4712.02
12/13/2021,45.75,4668.97
12/14/2021,45.48,4634.09
12/15/2021,46.15,4709.85
12/16/2021,46.02,4668.67
12/17/2021,45.2,4620.64
12/20/2021,44.68,4568.02
12/21/2021,45.34,4649.23
12/22/2021,45.95,4696.56
12/23/2021,46.3,4725.79
12/27/2021,46.73,4791.19
12/28/2021,46.68,4786.35
12/29/2021,46.65,4793.06
12/30/2021,46.57,4778.73
12/31/2021,46.66,4766.18
1/3/2022,47.07,4796.56
1/4/2022,47.24,4793.54
1/5/2022,47.01,4700.58
1/6/2022,46.81,4696.05
1/7/2022,46.92,4677.03
1/10/2022,46.45,4670.29
1/11/2022,46.89,4713.07
1/12/2022,47.38,4726.35
1/13/2022,46.99,4659.03
1/14/2022,47,4662.85
1/18/2022,46.28,4577.11
1/19/2022,46.34,4532.76
1/20/2022,46.13,4482.73
1/21/2022,45.55,4397.94
1/24/2022,44.96,4410.13
1/25/2022,44.46,4356.45
1/26/2022,44.66,4349.93
1/27/2022,44.5,4326.51
1/28/2022,44.69,4431.85
1/31/2022,45.33,4515.55
2/1/2022,45.86,4546.54
2/2/2022,46,4589.38
2/3/2022,45.26,4477.44
2/4/2022,45.19,4500.53
2/7/2022,45.22,4483.87
2/8/2022,45.47,4521.54
2/9/2022,46.25,4587.18
2/10/2022,45.73,4504.08
2/11/2022,44.49,4418.64
2/14/2022,44.01,4401.67
2/15/2022,45.23,4471.07
2/16/2022,45.41,4475.01
2/17/2022,44.54,4380.26
2/18/2022,44.34,4348.87
2/22/2022,43.27,4304.76
2/23/2022,42.85,4225.5
2/24/2022,42.06,4288.7
2/25/2022,43.19,4384.65
2/28/2022,41.74,4373.94
3/1/2022,40.02,4306.26
3/2/2022,40.83,4386.54
3/3/2022,39.67,4363.49
3/4/2022,37.6,4328.87
3/7/2022,36.2,4201.09
3/8/2022,37.26,4170.7
3/9/2022,39.87,4277.88
3/10/2022,38.68,4259.52
3/11/2022,38.35,4204.31
3/14/2022,39.17,4173.11
3/15/2022,39.55,4262.45
3/16/2022,41.44,4357.86
3/17/2022,41.49,4411.67
3/18/2022,41.63,4463.12
3/21/2022,40.96,4461.18
3/22/2022,41.56,4511.61
3/23/2022,40.6,4456.24
3/24/2022,40.96,4520.16
3/25/2022,41,4543.06
3/28/2022,41.32,4575.52
3/29/2022,42.68,4631.6
3/30/2022,42.24,4602.45
3/31/2022,41.15,4530.41
4/1/2022,41.63,4545.86
4/4/2022,41.7,4582.64
4/5/2022,40.82,4525.12
4/6/2022,40,4481.15
4/7/2022,40.03,4500.21
4/8/2022,40.04,4488.28
4/11/2022,39.77,4412.53
4/12/2022,39.51,4397.45
4/13/2022,39.97,4446.59
4/14/2022,39.74,4392.59
4/18/2022,39.69,4391.69
4/19/2022,39.97,4462.21
4/20/2022,40.55,4459.45
4/21/2022,40.17,4393.66
4/22/2022,39.54,4271.78
4/25/2022,39.15,4296.12
4/26/2022,37.8,4175.2
4/27/2022,37.81,4183.96
4/28/2022,38.54,4287.5
4/29/2022,37.96,4131.93
5/2/2022,37.95,4155.38
5/3/2022,38.25,4175.48
5/4/2022,39.08,4300.17
5/5/2022,37.74,4146.87
5/6/2022,37.19,4123.34
5/9/2022,36.16,3991.24
5/10/2022,36.55,4001.05
5/11/2022,36.5,3935.18
5/12/2022,36.43,3930.08
5/13/2022,37.55,4023.89
5/16/2022,37.51,4008.01
5/17/2022,38.59,4088.85
5/18/2022,37.26,3923.68
5/19/2022,37.65,3900.79
5/20/2022,37.71,3901.36
5/23/2022,38.68,3973.75
5/24/2022,38.48,3941.48
5/25/2022,38.58,3978.73
5/26/2022,39.31,4057.84
5/27/2022,40.06,4158.24
5/31/2022,39.85,4132.15
6/1/2022,39.19,4101.23
6/2/2022,40.26,4176.82
6/3/2022,39.69,4108.54
6/6/2022,40.01,4121.43
6/7/2022,40.05,4160.68
6/8/2022,39.47,4115.77
6/9/2022,38.31,4017.82
6/10/2022,37.07,3900.86
6/13/2022,35.71,3749.63
6/14/2022,35.38,3735.48
6/15/2022,36.25,3789.99
6/16/2022,35.22,3666.77
6/17/2022,35.4,3674.84
6/21/2022,35.17,3764.79
6/22/2022,34.97,3759.89
6/23/2022,34.83,3795.73
6/24/2022,36,3911.74
6/27/2022,35.69,3900.11
6/28/2022,35.36,3821.55
6/29/2022,35.06,3818.83
6/30/2022,34.79,3785.38
7/1/2022,34.74,3825.33
7/5/2022,33.53,3831.39
7/6/2022,33.55,3845.08
7/7/2022,34.06,3902.62
7/8/2022,34.06,3899.38
7/11/2022,33.38,3854.43
7/12/2022,33.3,3818.8
7/13/2022,33.38,3801.78
7/14/2022,32.85,3790.38
7/15/2022,33.59,3863.16
7/18/2022,33.79,3830.85
7/19/2022,35.18,3936.69
7/20/2022,34.77,3959.9
7/21/2022,35.2,3998.95
7/22/2022,34.99,3961.63
7/25/2022,35.31,3966.84
7/26/2022,34.48,3921.05
7/27/2022,35.52,4023.61
7/28/2022,35.84,4072.43
7/29/2022,36.49,4130.29
8/1/2022,36.44,4118.63
8/2/2022,35.78,4091.19
8/3/2022,36.43,4155.17
8/4/2022,36.8,4151.94
8/5/2022,36.48,4145.19
8/8/2022,36.58,4140.06
8/9/2022,36.29,4122.47
8/10/2022,37.1,4210.24
8/11/2022,37.04,4207.27
8/12/2022,37.41,4280.15
8/15/2022,37.07,4297.14
8/16/2022,37.28,4305.2
8/17/2022,36.84,4274.04
8/18/2022,36.65,4283.74
8/19/2022,35.94,4228.48
8/22/2022,34.84,4137.99
8/23/2022,34.94,4128.73
8/24/2022,35.03,4140.77
8/25/2022,35.45,4199.12
8/26/2022,34.18,4057.66
8/29/2022,34.3,4030.61
8/30/2022,34.13,3986.16
8/31/2022,33.84,3955
9/1/2022,33.33,3966.85
9/2/2022,33.06,3924.26
9/6/2022,33.06,3908.19
9/7/2022,33.83,3979.87
9/8/2022,33.63,4006.18
9/9/2022,34.59,4067.36
9/12/2022,35.42,4110.41
9/13/2022,34.07,3932.69
9/14/2022,34.31,3946.01
9/15/2022,33.94,3901.35
9/16/2022,33.79,3873.33
9/19/2022,33.74,3899.89
9/20/2022,33.04,3855.93
9/21/2022,32.55,3789.93
9/22/2022,32.43,3757.99
9/23/2022,31.18,3693.23
9/26/2022,30.76,3655.04
9/27/2022,30.53,3647.29
9/28/2022,31.31,3719.04
9/29/2022,30.89,3640.47
9/30/2022,30.76,3585.62
10/3/2022,31.49,3678.43
10/4/2022,33.32,3790.93
10/5/2022,32.86,3783.28
10/6/2022,32.12,3744.52
10/7/2022,31.37,3639.66
10/10/2022,31.23,3612.39
10/11/2022,30.9,3588.84
10/12/2022,30.89,3577.03
10/13/2022,31.83,3669.91
10/14/2022,31.3,3583.07
10/17/2022,32.37,3677.95
10/18/2022,32.82,3719.98
10/19/2022,32.47,3695.16
10/20/2022,32.51,3665.78
10/21/2022,33.17,3752.75
10/24/2022,33.43,3797.34
10/25/2022,34.29,3859.11
10/26/2022,34.62,3830.6
10/27/2022,34.29,3807.3
10/28/2022,34.8,3901.06
10/31/2022,34.27,3871.98
11/1/2022,34.57,3856.1
11/2/2022,33.75,3759.69
11/3/2022,33.45,3719.89
11/4/2022,35.25,3770.55
11/7/2022,35.59,3806.8
11/8/2022,35.92,3828.11
11/9/2022,35.5,3748.57
11/10/2022,37.71,3956.37
11/11/2022,38.64,3992.93
11/14/2022,38.31,3957.25
11/15/2022,38.56,3991.73
11/16/2022,38.68,3958.79
11/17/2022,38.73,3946.56
11/18/2022,38.92,3965.34
11/21/2022,38.56,3949.94
11/22/2022,39.04,4003.58
11/23/2022,39.41,4027.26
11/25/2022,39.54,4026.12
11/28/2022,38.93,3963.94
11/29/2022,39.15,3957.63
11/30/2022,40.05,4080.11
12/1/2022,40.25,4076.57
12/2/2022,40.29,4071.7
12/5/2022,39.75,3998.84
12/6/2022,39.6,3941.26
12/7/2022,39.69,3933.92
12/8/2022,39.84,3963.51
12/9/2022,39.69,3934.38
12/12/2022,39.87,3990.56
12/13/2022,40.59,4019.65
12/14/2022,40.49,3995.32
12/15/2022,39.12,3895.75
12/16/2022,38.76,3852.36
12/19/2022,38.52,3817.66
12/20/2022,38.62,3821.62
12/21/2022,39.26,3878.44
12/22/2022,38.82,3822.39
12/23/2022,38.86,3844.82
12/27/2022,38.95,3829.25
12/28/2022,38.48,3783.22
12/29/2022,39.26,3849.28
12/30/2022,38.7,3839.5
1/3/2023,39.27,3824.14
1/4/2023,40.35,3852.97
1/5/2023,39.9,3808.1
1/6/2023,41.1,3895.08
1/9/2023,41.55,3892.09
1/10/2023,41.9,3919.25
1/11/2023,42.38,3969.61
1/12/2023,42.97,3983.17
1/13/2023,43.25,3999.09
1/17/2023,43.16,3990.97
1/18/2023,42.89,3928.86
1/19/2023,42.58,3898.85
1/20/2023,43,3972.61
1/23/2023,43.29,4019.81
1/24/2023,43.31,4016.95
1/25/2023,43.56,4016.22
1/26/2023,43.69,4060.43
1/27/2023,43.45,4070.56
1/30/2023,43.04,4017.77
1/31/2023,43.55,4076.6
2/1/2023,44.17,4119.21
2/2/2023,44.37,4179.76
2/3/2023,43.83,4136.48
2/6/2023,43.29,4111.08
2/7/2023,43.61,4164
2/8/2023,43.29,4117.86
2/9/2023,43.45,4081.5
2/10/2023,43.06,4090.46
2/13/2023,43.71,4137.29
2/14/2023,43.89,4136.13
2/15/2023,44.05,4147.6
2/16/2023,43.82,4090.41
2/17/2023,43.93,4079.09
2/21/2023,43.24,3997.34
2/22/2023,43.06,3991.05
2/23/2023,43.51,4012.32
2/24/2023,42.43,3970.04
2/27/2023,43.16,3982.24
2/28/2023,42.85,3970.15
3/1/2023,43.1,3951.39
3/2/2023,43.29,3981.35
3/3/2023,43.98,4045.64
3/6/2023,44,4048.42
3/7/2023,43.14,3986.37
3/8/2023,43.38,3992.01
3/9/2023,42.89,3918.32
3/10/2023,42.61,3861.59
3/13/2023,42.08,3855.76
3/14/2023,42.95,3919.29
3/15/2023,41.39,3891.93
3/16/2023,42.18,3960.28
3/17/2023,41.56,3916.64
3/20/2023,42.25,3951.57
3/21/2023,43.13,4002.87
3/22/2023,43.06,3936.97
3/23/2023,43.17,3948.72
3/24/2023,42.76,3970.99
3/27/2023,43.11,3977.53
3/28/2023,43.21,3971.27
3/29/2023,43.97,4027.81
3/30/2023,44.74,4050.83
3/31/2023,44.9,4109.31
4/3/2023,45.14,4124.51
4/4/2023,45.27,4100.6
4/5/2023,44.96,4090.38
4/6/2023,45.2,4105.02
4/10/2023,45.21,4109.11
4/11/2023,45.31,4108.94
4/12/2023,45.71,4091.95
4/13/2023,46.35,4146.22
4/14/2023,46.27,4137.64
4/17/2023,45.9,4151.32
4/18/2023,46.28,4154.87
4/19/2023,46.22,4154.52
4/20/2023,46.12,4129.79
4/21/2023,46.51,4133.52
4/24/2023,46.65,4137.04
4/25/2023,45.82,4071.63
4/26/2023,45.93,4055.99
4/27/2023,46.5,4135.35
4/28/2023,46.32,4169.48
5/1/2023,46.23,4167.87
5/2/2023,45.72,4119.58
5/3/2023,45.83,4090.75
5/4/2023,45.66,4061.22
5/5/2023,46.4,4136.25
5/8/2023,46.37,4138.12
5/9/2023,45.93,4119.17
5/10/2023,45.87,4137.64
5/11/2023,45.67,4130.62
5/12/2023,45.52,4124.08
5/15/2023,45.73,4136.28
5/16/2023,45.44,4109.9
5/17/2023,45.78,4158.77
5/18/2023,45.85,4198.05
5/19/2023,46.21,4191.98
5/22/2023,46.22,4192.63
5/23/2023,45.32,4145.58
5/24/2023,44.57,4115.24
5/25/2023,44.68,4151.28
5/26/2023,45.36,4205.45
5/30/2023,44.82,4205.52
5/31/2023,44.04,4179.83
6/1/2023,44.67,4221.02
6/2/2023,45.14,4282.37
6/5/2023,44.69,4273.79
6/6/2023,44.81,4283.85
6/7/2023,44.65,4267.52
6/8/2023,45.22,4293.93
6/9/2023,44.88,4298.86
6/12/2023,45.38,4338.93
6/13/2023,45.75,4369.01
6/14/2023,46.08,4372.59
6/15/2023,46.64,4425.84
6/16/2023,46.71,4409.59
6/20/2023,45.28,4388.71
6/21/2023,45.26,4365.69
6/22/2023,45.04,4381.89
6/23/2023,44.37,4348.33
6/26/2023,44.55,4328.82
6/27/2023,45.22,4378.41
6/28/2023,45.26,4376.86
6/29/2023,45.28,4396.44
6/30/2023,45.98,4450.38
7/3/2023,45.98,4455.59
7/5/2023,45.08,4446.82
7/6/2023,44.01,4411.59
7/7/2023,44.44,4398.95
7/10/2023,44.79,4409.53
7/11/2023,45.24,4439.26
7/12/2023,46.42,4472.16
7/13/2023,47.23,4510.04
7/14/2023,47.05,4505.42
7/17/2023,46.92,4522.79
7/18/2023,47.05,4554.98
7/19/2023,46.69,4565.72
7/20/2023,46.42,4534.87
7/21/2023,46.75,4536.34
7/24/2023,46.41,4554.64
7/25/2023,46.24,4567.46
7/26/2023,46.19,4566.75
7/27/2023,46.25,4537.41
7/28/2023,47.06,4582.23
7/31/2023,47.03,4588.96
8/1/2023,46.32,4576.73
8/2/2023,45.29,4513.39
8/3/2023,45.1,4501.89
8/4/2023,45.27,4478.03
8/7/2023,45.78,4518.44
8/8/2023,45.23,4499.38
8/9/2023,45.39,4467.71
8/10/2023,45.83,4468.83
8/11/2023,45.33,4464.05
8/14/2023,45.26,4489.72
8/15/2023,44.62,4437.86
8/16/2023,44.32,4404.33
8/17/2023,43.82,4370.36
8/18/2023,43.88,4369.71
8/21/2023,44.21,4399.77
8/22/2023,44.13,4387.55
8/23/2023,44.38,4436.01
8/24/2023,43.6,4376.31
8/25/2023,43.98,4405.71
8/28/2023,44.5,4433.31
8/29/2023,45.15,4497.63
8/30/2023,45.14,4514.87
8/31/2023,44.58,4507.66
9/1/2023,44.26,4515.77
9/5/2023,43.76,4496.83
9/6/2023,43.55,4465.48
9/7/2023,43.23,4451.14
9/8/2023,43.34,4457.49
9/11/2023,43.84,4487.46
9/12/2023,43.53,4461.9
9/13/2023,43.27,4467.44
9/14/2023,43.74,4505.1
9/15/2023,43.68,4450.32
9/18/2023,43.28,4453.53
9/19/2023,43.3,4443.95
9/20/2023,43.28,4402.2
9/21/2023,42.6,4330
9/22/2023,42.57,4320.06
9/25/2023,42.17,4337.44
9/26/2023,41.55,4273.53
9/27/2023,41.45,4274.51
9/28/2023,41.97,4299.7
9/29/2023,42.01,4288.05
10/2/2023,41.27,4288.39
10/3/2023,40.94,4229.45
10/4/2023,41.29,4263.75
10/5/2023,41.42,4258.19
10/6/2023,42.07,4308.5
10/9/2023,41.71,4335.66
10/10/2023,42.34,4358.24
10/11/2023,42.63,4376.95
10/12/2023,42.06,4349.61
10/13/2023,41.44,4327.78
10/16/2023,41.9,4373.63
10/17/2023,41.96,4373.2
10/18/2023,41.16,4314.6
10/19/2023,41.08,4278
10/20/2023,40.68,4224.16
10/23/2023,40.96,4217.04
10/24/2023,41.17,4247.68
10/25/2023,40.87,4186.77
10/26/2023,40.69,4137.23
10/27/2023,40.34,4117.37
10/30/2023,40.98,4166.82
10/31/2023,41.15,4193.8
11/1/2023,41.5,4237.86
11/2/2023,42.5,4317.78
11/3/2023,42.81,4358.34
11/6/2023,42.57,4365.98
11/7/2023,42.4,4378.38
11/8/2023,42.8,4382.78
11/9/2023,42.84,4347.35
11/10/2023,43.18,4415.24
11/13/2023,43.32,4411.55
11/14/2023,44.65,4495.7
11/15/2023,44.74,4502.88
11/16/2023,44.76,4508.24
11/17/2023,45.34,4514.02
11/20/2023,45.58,4547.38
11/21/2023,45.28,4538.19
11/22/2023,45.33,4556.62
11/24/2023,45.81,4559.34
11/27/2023,45.63,4550.43
11/28/2023,45.64,4554.89
11/29/2023,45.9,4550.58
11/30/2023,45.73,4567.8
12/1/2023,46.05,4594.63
12/4/2023,45.94,4569.78
12/5/2023,46.07,4567.18
12/6/2023,46.09,4549.34
12/7/2023,46.35,4585.59
12/8/2023,46.72,4604.37
12/11/2023,46.88,4622.44
12/12/2023,47.03,4643.7
12/13/2023,47.65,4707.09
12/14/2023,47.84,4719.55
12/15/2023,47.36,4719.19
12/18/2023,47.27,4740.56
12/19/2023,47.7,4768.37
12/20/2023,46.97,4698.35
12/21/2023,47.73,4746.75
12/22/2023,47.61,4754.63
12/26/2023,47.96,4774.75
12/27/2023,48.16,4781.58
12/28/2023,47.76,4783.35
12/29/2023,47.81,4769.83
1/2/2024,47.12,4742.83
1/3/2024,46.47,4704.81
1/4/2024,46.68,4688.68
1/5/2024,46.61,4697.24
1/8/2024,47.21,4763.54
1/9/2024,46.69,4756.5
1/10/2024,46.95,4783.45
1/11/2024,46.89,4780.24
1/12/2024,46.95,4783.83
1/16/2024,46.09,4765.98
1/17/2024,45.8,4739.21
1/18/2024,46.45,4780.94
1/19/2024,46.61,4839.81
1/22/2024,46.58,4850.43
1/23/2024,46.49,4864.6
1/24/2024,47.42,4868.55
1/25/2024,47.67,4894.16
1/26/2024,48.1,4890.97
1/29/2024,48.26,4927.93
1/30/2024,48.36,4924.97
1/31/2024,47.85,4845.65
2/1/2024,48.43,4906.19
2/2/2024,48.12,4958.61
2/5/2024,47.94,4942.81
2/6/2024,48.33,4954.23
2/7/2024,48.34,4995.06
2/8/2024,48.51,4997.91
2/9/2024,48.86,5026.61
2/12/2024,48.85,5021.84
2/13/2024,47.89,4953.17
2/14/2024,48.54,5000.62
2/15/2024,49.12,5029.73
2/16/2024,49.01,5005.57
2/20/2024,49.33,4975.51
2/21/2024,49.65,4981.8
2/22/2024,50.44,5087.03
2/23/2024,50.47,5088.8
2/26/2024,50.53,5069.53
2/27/2024,50.77,5078.18
2/28/2024,50.66,5069.76
2/29/2024,50.71,5096.27
3/1/2024,50.91,5137.08
3/4/2024,51.07,5130.95
3/5/2024,50.73,5078.65
3/6/2024,51.35,5104.76
3/7/2024,52.23,5157.36
3/8/2024,51.75,5123.69
3/11/2024,51.64,5117.94
3/12/2024,52.24,5175.27
3/13/2024,52.45,5165.31
3/14/2024,52.04,5150.48
3/15/2024,52.12,5117.09
3/18/2024,51.75,5149.42
3/19/2024,51.88,5178.51
3/20/2024,52.6,5224.62
3/21/2024,52.36,5241.53
3/22/2024,52.09,5234.18
3/25/2024,52.25,5218.19
3/26/2024,52.36,5203.58
3/27/2024,52.79,5248.49
3/28/2024,52.55,5254.35
4/1/2024,52.67,5243.77
4/2/2024,52.07,5205.81
4/3/2024,52.51,5211.49
4/4/2024,51.9,5147.21
4/5/2024,51.98,5204.34
4/8/2024,52.32,5202.39
4/9/2024,52.01,5209.91
4/10/2024,51.37,5160.64
4/11/2024,51.35,5199.06
4/12/2024,50.26,5123.41
4/15/2024,50.29,5061.82
4/16/2024,50.14,5051.41
4/17/2024,50.21,5022.21
4/18/2024,50.18,5011.12
4/19/2024,50.12,4967.23
4/22/2024,50.67,5010.6
4/23/2024,51.59,5070.55
4/24/2024,51.37,5071.63
4/25/2024,51.12,5048.42
4/26/2024,51.67,5099.96
4/29/2024,51.51,5116.17
4/30/2024,50.5,5035.69
5/1/2024,50.34,5018.39
5/2/2024,50.74,5064.2
5/3/2024,51.22,5127.79
5/6/2024,51.72,5180.74
5/7/2024,52.1,5187.7
5/8/2024,52.36,5187.67
5/9/2024,52.87,5214.08
5/10/2024,53.06,5222.68
5/13/2024,53.11,5221.42
5/14/2024,53.45,5246.68
5/15/2024,53.92,5308.15
5/16/2024,53.37,5297.1
5/17/2024,53.52,5303.27
5/20/2024,53.45,5308.13
5/21/2024,53.39,5321.41
5/22/2024,52.9,5307.01
5/23/2024,52.7,5267.84
5/24/2024,53.2,5304.72
5/28/2024,53.24,5306.04
5/29/2024,52.28,5266.95
5/30/2024,52.66,5235.48
5/31/2024,52.93,5277.51
6/3/2024,53.09,5283.4
6/4/2024,52.7,5291.34
6/5/2024,53.57,5354.03
6/6/2024,53.82,5352.96
6/7/2024,53.06,5346.99
6/10/2024,52.72,5360.79
6/11/2024,52.06,5375.32
6/12/2024,53.01,5421.03
6/13/2024,51.82,5433.74
6/14/2024,50.46,5431.6
6/17/2024,51.23,5473.23
6/18/2024,51.39,5487.03
6/20/2024,51.51,5473.17
6/21/2024,51.07,5464.62
6/24/2024,50.46,5447.87
6/25/2024,50.5,5469.3
6/26/2024,50.09,5477.9
6/27/2024,50.1,5482.87
6/28/2024,50.03,5460.48
7/1/2024,50.59,5475.09
7/2/2024,50.36,5509.01
7/3/2024,51.22,5537.02
7/5/2024,51.57,5567.19
7/8/2024,51.27,5572.85
7/9/2024,50.62,5576.98
7/10/2024,51.35,5633.91
7/11/2024,51.48,5584.54
7/12/2024,52.32,5615.35
7/15/2024,51.65,5631.22
7/16/2024,51.62,5667.2
7/17/2024,50.93,5588.27
7/18/2024,50.54,5544.59
7/19/2024,50.06,5505
7/22/2024,51.05,5564.41
7/23/2024,50.71,5555.74
7/24/2024,49.94,5427.13
7/25/2024,49.73,5399.22
7/26/2024,50.45,5459.1
7/29/2024,49.79,5463.54
7/30/2024,49.93,5436.44
7/31/2024,50.31,5522.3
8/1/2024,48.93,5446.68
8/2/2024,48.45,5346.56
8/5/2024,47.72,5186.33
8/6/2024,47.74,5240.03
8/7/2024,47.98,5199.5
8/8/2024,48.76,5319.31
8/9/2024,48.85,5344.16
8/12/2024,48.67,5344.39
8/13/2024,49.46,5434.43
8/14/2024,49.81,5455.21
8/15/2024,50.6,5543.22
8/16/2024,51,5554.25
8/19/2024,51.67,5608.25
8/20/2024,51.66,5597.12
8/21/2024,52.17,5620.85
8/22/2024,51.69,5570.64
8/23/2024,52.54,5634.61
8/26/2024,52.29,5616.84
8/27/2024,52.44,5625.8
8/28/2024,52.25,5592.18
8/29/2024,52.39,5591.96
8/30/2024,52.53,5648.4
9/3/2024,51.59,5528.93
9/4/2024,51.36,5520.07
9/5/2024,51.11,5503.41
9/6/2024,50.16,5408.42
9/9/2024,50.57,5471.05
9/10/2024,50.22,5495.52
9/11/2024,50.76,5554.13
9/12/2024,51.12,5595.76
9/13/2024,51.36,5626.02
9/16/2024,51.65,5633.09
9/17/2024,51.62,5634.58
9/18/2024,51.49,5618.26
9/19/2024,52.72,5713.64
9/20/2024,52.04,5702.55
9/23/2024,51.94,5718.57
9/24/2024,52.71,5732.93
9/25/2024,52.22,5722.26
9/26/2024,53.81,5745.37
9/27/2024,53.81,5738.17
9/30/2024,53.24,5762.48
10/1/2024,52.41,5708.75
10/2/2024,52.29,5709.54
10/3/2024,51.74,5699.94
10/4/2024,52.12,5751.07
10/7/2024,51.9,5695.94
10/8/2024,51.91,5751.13
10/9/2024,52.12,5792.04
10/10/2024,51.99,5780.05
10/11/2024,52.32,5815.03
10/14/2024,52.63,5859.85
10/15/2024,51.26,5815.26
10/16/2024,50.99,5842.47
10/17/2024,51.06,5841.47
10/18/2024,51.75,5864.67
10/21/2024,51.09,5853.98
10/22/2024,50.9,5851.2
10/23/2024,50.58,5797.42
10/24/2024,50.98,5809.86
10/25/2024,50.78,5808.12
10/28/2024,51.3,5823.52
10/29/2024,51.1,5832.92
10/30/2024,50.61,5813.67
10/31/2024,50.25,5705.45
11/1/2024,50.43,5728.8
11/4/2024,50.34,5712.69
11/5/2024,50.8,5782.76
11/6/2024,49.38,5929.04
11/7/2024,50.28,5973.1
11/8/2024,49.36,5995.54
11/11/2024,49.18,6001.35
11/12/2024,48.16,5983.99
11/13/2024,47.91,5985.38
11/14/2024,48.32,5949.17
11/15/2024,48.18,5870.62
11/18/2024,48.34,5893.62
11/19/2024,48.05,5916.98
11/20/2024,47.82,5917.11
11/21/2024,47.72,5948.71
11/22/2024,47.7,5969.34
11/25/2024,47.95,5987.37
11/26/2024,47.63,6021.63
11/27/2024,47.85,5998.74
11/29/2024,48.57,6032.38
12/2/2024,48.71,6047.15
12/3/2024,49.04,6049.88
12/4/2024,49.39,6086.49
12/5/2024,50.02,6075.11
12/6/2024,50.19,6090.27
12/9/2024,50.17,6052.85
12/10/2024,49.73,6034.91
12/11/2024,49.89,6084.19
12/12/2024,49.58,6051.25
12/13/2024,49.89,6051.09
12/16/2024,49.63,6074.08
12/17/2024,49.64,6050.61
12/18/2024,48.38,5872.16
12/19/2024,48.26,5867.08
12/20/2024,48.28,5930.85
12/23/2024,48.4,5974.07
12/24/2024,48.57,6040.04
12/26/2024,48.78,6037.59
12/27/2024,48.58,5970.84
12/30/2024,48.18,5906.94
12/31/2024,48.15,5881.63
1/2/2025,47.66,5868.55
1/3/2025,47.94,5942.47
1/6/2025,49.17,5975.38
1/7/2025,49.32,5909.03
1/8/2025,49.1,5918.25
1/10/2025,48.69,5827.04
1/13/2025,48.5,5836.22
1/14/2025,48.96,5842.91
1/15/2025,49.46,5949.91
1/16/2025,50.22,5937.34
1/17/2025,50.43,5996.66
1/21/2025,51.56,6049.24
1/22/2025,51.67,6086.37
1/23/2025,52.07,6118.71
1/24/2025,52.16,6101.24
1/27/2025,52.24,6012.28
1/28/2025,51.92,6067.7
1/29/2025,52.04,6039.31
1/30/2025,52.59,6071.17
1/31/2025,52.12,6040.53
2/3/2025,51.16,5994.57
2/4/2025,52.26,6037.88
2/5/2025,52.57,6061.48
2/6/2025,53.01,6083.57
2/7/2025,52.45,6025.99
2/10/2025,52.91,6066.44
2/11/2025,53.46,6068.5
2/12/2025,54.14,6051.97
2/13/2025,54.66,6115.07
2/14/2025,55.03,6114.63
2/18/2025,55.33,6129.58
2/19/2025,54.43,6144.15
2/20/2025,54.685,6093.22
